product_id,store_name,product_name,brand,price_eur,last_updated,city
CP0001,PAM, Mozzarella confezione 125g ,PAM,1.87,2026-03-26T18:48:00,Milan
CP0002,PAM,Mozzarella di Bufala,PAM,2.36,2026-01-15T00:00:00,Milan
CP0003,PAM,Arkalia Fior di latte mozzarella,Arkalia,1.77,2026-03-31T00:00:00,Milan
CP0004,PAM,Greek Yogurt,Arkalia,2.35,2026-03-25T09:58:00,Milan
CP0005,PAM,De Cecco Strawberry Yogurt,De Cecco,1.7,2026-02-15T00:00:00,Milan
CP0006,PAM,Plain Yogurt,Bio Pam,3.24,2026-02-19T00:00:00,Milan
CP0007,PAM,Whole Milk confezione 1l,Zoa,2.92,2026-04-26T00:00:00,Milan
CP0008,PAM,Pam Panorama Semi-skimmed Milk,Pam Panorama,1.91,2026-03-01T00:00:00,Milan
CP0009,PAM,Pam Panorama Lactose Free Milk,Pam Panorama,1.51,2026-01-02T00:00:00,Milan
CP0010,PAM,Unsalted Butter confezione 250g,Arkalia,3.1,2026-04-28T00:00:00,Milan
CP0011,PAM,Salted Butter confezione 250g,Ferrero ,1.94,2026-03-21T19:56:00,Milan
CP0012,PAM,Aia Parmigiano Reggiano,Aia,3.17,2026-02-18T00:00:00,Milan
CP0013,PAM,Gorgonzola,Parmalat,1.45,2026-04-05T05:59:00,Milan
CP0014,PAM,Ricotta confezione 250g, Arkalia ,1.7,2026-04-02T00:00:00,Milan
CP0015,pam,Whole Wheat Bread,Arkalia,2.08,2026-04-22T17:10:00,Milan
CP0016,PAM,Arkalia Ciabatta,Arkalia,2.47,2026-04-24T00:00:00,Milan
CP0017,PAM,Sandwich Bread,PAM,2.63,2026-04-17T09:26:00,Milan
CP0018,PAM,Butter Croissant,Arkalia,2.91,2026-01-11T00:00:00,Milan
CP0019,PAM,Pam Panorama Chocolate Croissant,Pam Panorama,1.55,2026-03-08T07:27:00,Milan
CP0020,PAM,Chocolate Chip Cookies confezione 300g,Bio Pam,2.54,2026-04-06T00:00:00,Milan
CP0021,PAM,Digestive Biscuits confezione 400g,Parmalat,3.04,2026-02-16T00:00:00,Milan
CP0022,PAM,Cherry Tomatoes confezione 500g,PAM,2.43,2026-01-20T08:48:00,Milan
CP0023,PAM,Bio Pam Round Tomatoes,Bio Pam,1.78,2026-03-24T16:11:00,Milan
CP0024,PAM,Iceberg Lettuce confezione 1pcs,PAM,4.04,2026-01-15T21:13:00,Milan
CP0025,PAM,Rocket Salad,Semplici e Buoni,2.25,2026-01-13T00:00:00,Milan
CP0026,PAM,Golden Apples,Semplici e Buoni,1.65,2026-03-19T06:14:00,Milan
CP0027,PAM,PAM Pink Lady Apples,PAM,2.61,2026-03-06T00:00:00,Milan
CP0028,PAM,Bananas confezione 1kg,Aia,3.66,2026-01-15T12:39:00,Milan
CP0029,PAM,Potatoes,Rio Mare,1.83,2026-04-26T00:00:00,Milan
CP0030,PAM,Chicken Breast confezione 400g,Semplici e Buoni,5.58,2026-03-21T11:52:00,Milan
CP0031,PAM,Chicken Thighs confezione 500g,Arkalia,6.01,2026-03-07T00:00:00,Milan
CP0032,PAM,Minced Beef confezione 400g,Arkalia,4.22,2026-03-18T00:00:00,Milan
CP0033,PAM,Beef Steak,Arkalia,6.02,2026-01-29T00:00:00,Milan
CP0034,PAM,Prosciutto Cotto,Zoa,4.23,2026-03-27T23:22:00,Milan
CP0035,PAM,Arkalia Salame Milano,Arkalia,8.75,2026-04-30T00:00:00,Milan
CP0036,PAM,Barilla Spaghetti,Barilla,3.49,2026-03-04T00:00:00,Milan
CP0037,PAM,Penne Rigate,Zoa,4.38,2026-02-09T11:41:00,Milan
CP0038,PAM,Fusilli,Bio Pam,3.04,2026-01-04T03:48:00,Milan
CP0039,PAM,Carnaroli Rice,Pam Panorama,4.59,2026-03-04T16:02:00,Milan
CP0040,PAM,Basmati Rice,Bio Pam ,4.5,2026-04-13T00:00:00,Milan
CP0041,PAM,Semplici e Buoni Tomato Passata,Semplici e Buoni,3.24,2026-03-08T02:08:00,Milan
CP0042,PAM, Pesto Genovese confezione 190g,Arkalia,2.25,2026-02-06T00:00:00,Milan
CP0043,PAM,Extra Virgin Olive Oil,Arkalia,3.85,2026-02-07T00:00:00,Milan
CP0044,PAM,Bio Pam Sunflower Oil,Bio Pam,3.23,2026-01-04T07:01:00,Milan
CP0045,PAM,All Purpose Flour confezione 1kg,PAM,2.63,2026-04-12T20:07:00,Milan
CP0046,PAM,Bio Pam 00 Flour,Bio Pam,4.46,2026-02-26T00:00:00,Milan
CP0047,PAM,Pam Panorama White Sugar,Pam Panorama,3.65,2026-01-22T17:25:00,Milan
CP0048,PAM,Brown Sugar confezione 1kg,Pam Panorama,3.22,2026-04-12T00:00:00,Milan
CP0049,PAM,Aia Ground Coffee,Aia,3.6,2026-01-01T00:00:00,Milan
CP0050,PAM,Pam Panorama Coffee Beans,Pam Panorama,2.78,2026-04-14T09:35:00,Milan
CP0051,PAM,Corn Flakes,Lavazza,4.26,2026-04-25T00:00:00,Milan
CP0052,PAM,Muesli confezione 750g ,Lavazza,3.21,2026-01-25T00:00:00,Milan
CP0053,PAM,Margherita Pizza,Ferrero,3.98,2026-04-11T00:00:00,Milan
CP0054,PAM,Semplici e Buoni Vegetable Pizza ,Semplici e Buoni,5.56,2026-02-09T00:00:00,Milan
CP0055,PAM,Zoa Frozen Peas,Zoa,3.91,2026-01-25T00:00:00,Milan
CP0056,PAM,Arkalia Frozen Spinach,arkalia,2.91,2026-03-07T00:00:00,Milan
CP0057,PAM,Semplici e Buoni Frozen Salmon Fillets,Semplici e Buoni,4.25,2026-02-04T20:53:00,Milan
CP0058,PAM,PAM Fish Fingers,PAM,4.52,2026-02-24T00:00:00,Milan
CP0059,PAM,Galbani Still Water,Galbani,2.2,2026-03-01T20:26:00,Milan
CP0060,PAM,Sparkling Water,PAM,2.15,2026-02-20T00:00:00,Milan
CP0061,PAM,Orange Juice confezione 1l,PAM,1.39,2026-04-11T21:31:00,Milan
CP0062,PAM,Apple Juice confezione 1l,Bio Pam,1.12,2026-01-03T00:00:00,Milan
CP0063,PAM,Cola,Arkalia,1.81,2026-02-19T00:00:00,Milan
CP0064,PAM,Pam Panorama Lemon Soda,Pam Panorama,2.23,2026-03-13T00:00:00,Milan
CP0065,PAM,Mulino Bianco Green Tea,Mulino Bianco,1.71,2026-01-04T00:00:00,Milan
CP0066,PAM,Black Tea,Lavazza,1.32,2026-01-31T00:00:00,Milan
CP0067,PAM,Dish Soap confezione 750ml,Bio Pam,4.82,2026-03-09T13:57:00,Milan
CP0068,PAM,Laundry Detergent confezione 1.5l,Bio Pam,6.2,2026-02-10T00:00:00,Milan
CP0069,PAM, Toilet Paper confezione 8pcs,Bio Pam,2.85,2026-01-19T00:00:00,Milan
CP0070,PAM,De Cecco Kitchen Towels,De Cecco,6.69,2026-02-06T00:00:00,Milan
CP0071,PAM,De Cecco Multi Surface Cleaner,De Cecco,4.15,2026-01-01T00:00:00,Milan
CP0072,PAM,Bleach confezione 2l,Parmalat,6.53,2026-03-11T00:00:00,Milan
CP0073,PAM,PAM Shampoo,PAM,5.38,2026-04-03T00:00:00,Milan
CP0074,PAM,Pam Panorama Conditioner,Pam Panorama,5.38,2026-01-18T00:00:00,Milan
CP0075,PAM,Arkalia Hand Soap,Arkalia,2.54,2026-01-26T23:59:00,Milan
CP0076,PAM,Body Wash confezione 500ml,Bio Pam,3.61,2026-04-04T00:00:00,Milan
CP0077,PAM,Toothpaste,Zoa,5.98,2026-05-01T00:00:00,Milan
CP0078,PAM,Arkalia Mozzarella Premium,Arkalia,2.29,2026-04-02T05:54:00,Milan
CP0079,PAM,Ferrero Mozzarella di Bufala Premium,Ferrero,1.93,2026-03-10T02:46:00,Milan
CP0080,PAM,Semplici e Buoni Fior di latte mozzarella Premium,Semplici e Buoni,1.4,2026-01-16T00:00:00,Milan
CP0081,PAM,Greek Yogurt Premium confezione 170g,Zoa,1.32,2026-03-07T18:33:00,Milan
CP0082,PAM,Strawberry Yogurt Premium confezione 2pcs,Arkalia,2.51,2026-03-08T00:00:00,Milan
CP0083,PAM,Plain Yogurt Premium,Granarolo,1.59,2026-03-29T00:00:00,Milan
CP0084,PAM,Whole Milk Premium confezione 0.75l,Zoa,2.7,2026-04-03T00:00:00,Milan
CP0085,PAM, Arkalia Semi-skimmed Milk Premium,Arkalia,1.7,2026-02-06T00:00:00,Milan
CP0086,PAM,Bio Pam Lactose Free Milk Premium,Bio Pam,1.87,2026-02-24T19:39:00,Milan
CP0087,PAM,Arkalia Unsalted Butter Premium,Arkalia,2.01,2026-03-17T00:00:00,Milan
CP0088,PAM,Salted Butter Premium,Zoa,3.07,2026-04-27T12:50:00,Milan
CP0089,PAM,Parmigiano Reggiano Premium,Semplici e Buoni,2.88,2026-01-29T00:00:00,Milan
CP0090,PAM, Bio Pam Gorgonzola Premium ,Bio Pam,2.14,2026-04-22T00:00:00,Milan
CP0091,PAM,Ricotta Premium confezione 187.5g,Semplici e Buoni,3.1,2026-04-22T00:00:00,Milan
CP0092,PAM,Whole Wheat Bread Premium,Zoa,1.47,2026-03-24T00:00:00,Milan
CP0093,PAM,Pam Panorama Ciabatta Premium,Pam Panorama,2.56,2026-04-28T00:00:00,Milan
CP0094,PAM,Sandwich Bread Premium,PAM,1.56,2026-02-05T11:02:00,Milan
CP0095,PAM,Pam Panorama Butter Croissant Premium,Pam Panorama ,2.29,2026-03-16T00:00:00,Milan
CP0096,PAM,Pam Panorama Chocolate Croissant Premium,Pam Panorama,1.92,2026-03-07T00:56:00,Milan
CP0097,PAM,Parmalat Chocolate Chip Cookies Premium,Parmalat,1.47,2026-02-24T00:00:00,Milan
CP0098,PAM,Semplici e Buoni Digestive Biscuits Premium,Semplici e Buoni,3.09,2026-01-28T06:24:00,Milan
CP0099,PAM,Cherry Tomatoes Premium confezione 750g,Zoa,2.05,2026-04-13T00:00:00,Milan
CP0100,PAM,Rio Mare Round Tomatoes Premium,Rio Mare,1.67,2026-01-09T00:00:00,Milan
CP0101,PAM,Iceberg Lettuce Premium,Parmalat,3.27,2026-04-24T00:00:00,Milan
CP0102,PAM,Rocket Salad Premium confezione 156.25g,BIO PAM,3.56,2026-03-19T13:01:00,Milan
CP0103,PAM,golden apples premium confezione 1.5kg,Semplici e Buoni,3.18,2026-04-06T08:56:00,Milan
CP0104,PAM,Zoa Pink Lady Apples Premium,Zoa,3.6,2026-02-18T13:59:00,Milan
CP0105,PAM,Bananas Premium,Semplici e Buoni,0.0,2026-01-07T00:00:00,Milan
CP0106,PAM,Potatoes Premium,PAM,1.97,2026-04-03T00:00:00,Milan
CP0107,PAM,Chicken Breast Premium,De Cecco,3.76,2026-01-21T00:00:00,Milan
CP0108,PAM,Chicken Thighs Premium confezione 500g,Rio Mare,5.89,2026-02-04T19:37:00,Milan
CP0109,PAM,Lavazza Minced Beef Premium,Lavazza,4.44,2026-02-28T00:00:00,Milan
CP0110,PAM,PAM Beef Steak Premium,PAM,0.0,2026-03-28T04:11:00,Milan
CP0111,PAM,Prosciutto Cotto Premium confezione 120g,Bio Pam,8.81,2026-01-19T13:10:00,Milan
CP0112,PAM,Pam Panorama Salame Milano Premium,Pam Panorama,7.71,2026-03-29T20:29:00,Milan
CP0113,PAM,PAM Spaghetti Premium,PAM,2.2,2026-04-22T00:00:00,Milan
CP0114,PAM,Penne Rigate Premium,Arkalia,4.75,2026-02-11T00:00:00,Milan
CP0115,PAM,PAM Fusilli Premium,PAM,3.24,2026-02-28T01:13:00,Milan
CP0116,PAM,Semplici e Buoni Carnaroli Rice Premium,Semplici e Buoni,3.46,2026-01-19T09:54:00,Milan
CP0117,PAM,Basmati Rice Premium confezione 1kg,Semplici e Buoni,2.5,2026-03-05T00:00:00,Milan
CP0118,PAM,Tomato Passata Premium confezione 700ml,Arkalia,2.13,2026-04-28T00:00:00,Milan
CP0119,PAM,Pesto Genovese Premium,Zoa,2.43,2026-04-23T08:16:00,Milan
CP0120,PAM,Extra Virgin Olive Oil Premium,Arkalia,4.66,2026-01-28T00:00:00,Milan
CP0121,PAM,PAM Sunflower Oil Premium,PAM,3.59,2026-01-21T03:09:00,Milan
CP0122,PAM,All Purpose Flour Premium confezione 1.25kg,Zoa,2.38,2026-02-02T09:07:00,Milan
CP0123,PAM,00 Flour Premium confezione 1.5kg,Galbani,3.9,2026-04-08T17:37:00,Milan
CP0124,PAM,White Sugar Premium,Lavazza,2.16,2026-01-23T00:00:00,Milan
CP0125,PAM,Pam Panorama Brown Sugar Premium,Pam Panorama,4.76,2026-02-05T03:27:00,Milan
CP0126,PAM,Ground Coffee Premium,Mutti,2.79,2026-03-01T00:00:00,Milan
CP0127,PAM,Bio Pam Coffee Beans Premium,Bio Pam,3.7,2026-02-25T00:00:00,Milan
CP0128,PAM,Corn Flakes Premium confezione 375g,Zoa,3.53,2026-01-25T00:30:00,Milan
CP0129,PAM,Semplici e Buoni Muesli Premium,Semplici e Buoni,3.25,2026-03-10T00:00:00,Milan
CP0130,PAM, Margherita Pizza Premium confezione 350g,Galbani,3.81,2026-03-28T15:07:00,Milan
CP0131,PAM,PAM Vegetable Pizza Premium,PAM,2.36,2026-03-29T00:00:00,Milan
CP0132,PAM,Frozen Peas Premium confezione 450g,Bio Pam,3.13,2026-02-23T00:00:00,Milan
CP0133,PAM,PAM Frozen Spinach Premium, PAM ,4.5,2026-02-17T00:00:00,Milan
CP0134,PAM,Frozen Salmon Fillets Premium confezione 300g,Bio Pam,4.45,2026-01-24T00:00:00,Milan
CP0135,PAM,fish fingers premium,Semplici e Buoni,4.22,2026-04-02T00:00:00,Milan
CP0136,PAM,Still Water Premium,Bio Pam,0.0,2026-03-24T00:00:00,Milan
CP0137,PAM,Parmalat Sparkling Water Premium,Parmalat,1.96,2026-03-07T04:46:00,Milan
CP0138,PAM,Orange Juice Premium,Bio Pam,1.42,2026-02-17T19:47:00,Milan
CP0139,PAM,Apple Juice Premium,Zoa ,1.41,2026-03-07T04:58:00,Milan
CP0140,PAM,cola premium confezione 1.88l,Semplici e Buoni,2.2,2026-04-03T00:00:00,Milan
CP0141,PAM,Bio Pam Lemon Soda Premium,Bio Pam,2.14,2026-03-06T00:00:00,Milan
CP0142,PAM,Green Tea Premium confezione 25pcs,Pam Panorama,2.06,2026-03-21T00:00:00,Milan
CP0143,PAM,PAM BLACK TEA PREMIUM,PAM,0.0,2026-01-02T00:42:00,Milan
CP0144,PAM,Dish Soap Premium,PAM,5.0,2026-02-16T02:43:00,Milan
CP0145,PAM,Laundry Detergent Premium,Semplici e Buoni,4.16,2026-01-15T00:00:00,Milan
CP0146,PAM,Semplici e Buoni Toilet Paper Premium,Semplici e Buoni,3.55,2026-02-20T00:00:00,Milan
CP0147,PAM,Kitchen Towels Premium confezione 4pcs,Bio Pam,2.9,2026-01-19T00:00:00,Milan
CP0148,PAM,Multi Surface Cleaner Premium,PAM,4.29,2026-01-23T00:00:00,Milan
CP0149,PAM,Lavazza Bleach Premium,Lavazza ,5.52,2026-01-19T15:45:00,Milan
CP0150,PAM,semplici e buoni shampoo premium,Semplici e Buoni,2.99,2026-03-15T13:39:00,Milan
CP0151,PAM,Zoa Conditioner Premium,Zoa,4.78,2026-02-10T00:00:00,Milan
CP0152,PAM,Arkalia Hand Soap Premium,Arkalia,3.76,2026-04-04T00:00:00,Milan
CP0153,PAM,Body Wash Premium,PAM,4.63,2026-02-19T16:19:00,Milan
CP0154,PAM,Toothpaste Premium,Bio Pam,3.77,2026-02-25T00:00:00,Milan
CP0155,PAM,Semplici e Buoni Mozzarella Bio,Semplici e Buoni,1.66,2026-04-11T00:00:00,Milan
CP0156,PAM,Mozzarella di Bufala Bio,PAM,1.86,2026-02-24T00:00:00,Milan
CP0157,PAM,Fior di latte mozzarella Bio confezione 200g,Zoa,2.73,2026-01-06T00:00:00,Milan
CP0158,PAM,Greek Yogurt Bio confezione 255g,Mulino Bianco,2.13,2026-03-08T00:00:00,Milan
CP0159,PAM,Strawberry Yogurt Bio,Zoa,2.48,2026-04-06T00:00:00,Milan
CP0160,PAM,Plain Yogurt Bio,Semplici e Buoni,3.22,2026-01-11T00:00:00,Milan
CP0161,PAM,Whole Milk Bio confezione 0.75l,Granarolo,3.27,2026-03-09T00:00:00,Milan
CP0162,PAM,mulino bianco semi-skimmed milk bio,Mulino Bianco,1.94,2026-02-17T00:00:00,Milan
CP0163,PAM, Lactose Free Milk Bio confezione 0.75l,Semplici e Buoni,2.89,2026-02-15T00:00:00,Milan
CP0164,PAM,SEMPLICI E BUONI UNSALTED BUTTER BIO,Semplici e Buoni,2.17,2026-03-18T00:00:00,Milan
CP0165,PAM,Zoa Salted Butter Bio, Zoa,2.97,2026-02-10T00:00:00,Milan
CP0166,PAM,Bio Pam Parmigiano Reggiano Bio,Bio Pam,2.43,2026-02-08T00:00:00,Milan
CP0167,PAM,Gorgonzola Bio,PAM,2.8,2026-03-11T00:00:00,Milan
CP0168,PAM,Ricotta Bio confezione 250g,Bio Pam,1.49,2026-03-26T17:37:00,Milan
CP0169,PAM,Pam Panorama Whole Wheat Bread Bio,PAM PANORAMA,2.08,2026-04-16T00:00:00,Milan
CP0170,PAM,Ferrero Ciabatta Bio ,Ferrero,2.73,2026-01-22T10:38:00,Milan
CP0171,PAM,PAM Sandwich Bread Bio, PAM ,3.23,2026-04-05T07:48:00,Milan
CP0172,PAM,Butter Croissant Bio confezione 7.5pcs,Semplici e Buoni,2.35,2026-04-04T00:00:00,Milan
CP0173,PAM,Chocolate Croissant Bio confezione 7.5pcs,Pam Panorama,2.11,2026-04-30T00:00:00,Milan
CP0174,pam,PAM Chocolate Chip Cookies Bio,pam,3.34,2026-01-05T11:18:00,Milan
CP0175,PAM,Digestive Biscuits Bio,Arkalia ,1.91,2026-03-31T00:00:00,Milan
CP0176,PAM, Pam Panorama Cherry Tomatoes Bio,Pam Panorama,3.61,2026-02-14T22:41:00,Milan
CP0177,PAM,Mutti Round Tomatoes Bio,Mutti,1.69,2026-01-31T23:40:00,Milan
CP0178,PAM,Iceberg Lettuce Bio,PAM,2.94,2026-02-22T00:00:00,Milan
CP0179,PAM,Rocket Salad Bio,Semplici e Buoni,4.03,2026-04-29T00:00:00,Milan
CP0180,PAM,PAM Golden Apples Bio,PAM,2.94,2026-03-30T00:00:00,Milan
CP0181,PAM,PAM Pink Lady Apples Bio,PAM,1.81,2026-04-24T16:48:00,Milan
CP0182,PAM,Parmalat Bananas Bio,Parmalat,3.47,2026-02-05T06:52:00,Milan
CP0183,PAM,Potatoes Bio confezione 2.5kg,Pam Panorama,1.82,2026-04-26T03:18:00,Milan
CP0184,PAM,Barilla Chicken Breast Bio,Barilla,8.84,2026-03-11T00:00:00,Milan
CP0185,PAM,Chicken Thighs Bio confezione 625g,Pam Panorama ,5.43,2026-04-16T00:00:00,Milan
CP0186,PAM,Pam Panorama Minced Beef Bio,Pam Panorama,7.18,2026-04-27T09:02:00,Milan
CP0187,PAM,Beef Steak Bio,PAM,7.56,2026-04-22T20:58:00,Milan
CP0188,PAM,Prosciutto Cotto Bio confezione 120g,Zoa,3.59,2026-02-28T00:00:00,Milan
CP0189,PAM, Salame Milano Bio,Bio Pam,6.55,2026-03-06T07:20:00,Milan
CP0190,PAM,Zoa Spaghetti Bio,Zoa,2.81,2026-04-09T00:00:00,Milan
CP0191,PAM,Pam Panorama Penne Rigate Bio,Pam Panorama,3.64,2026-01-30T00:00:00,Milan
CP0192,PAM,Arkalia Fusilli Bio,Arkalia,2.67,2026-01-15T00:00:00,Milan
CP0193,PAM,Carnaroli Rice Bio confezione 0.75kg,Semplici e Buoni,1.88,2026-01-23T01:21:00,Milan
CP0194,PAM,Aia Basmati Rice Bio,Aia,3.55,2026-03-03T18:09:00,Milan
CP0195,PAM,Tomato Passata Bio confezione 700ml,PAM,2.04,2026-01-23T12:44:00,Milan
CP0196,PAM,Arkalia Pesto Genovese Bio,Arkalia,0.0,2026-04-18T16:19:00,Milan
CP0197,PAM,Extra Virgin Olive Oil Bio,Bio Pam,4.72,2026-03-25T23:03:00,Milan
CP0198,PAM,Sunflower Oil Bio,Pam Panorama,2.13,2026-01-22T00:00:00,Milan
CP0199,PAM,Zoa All Purpose Flour Bio,Zoa,4.68,2026-04-03T01:43:00,Milan
CP0200,PAM,00 Flour Bio confezione 1.25kg,Mulino Bianco,1.95,2026-03-04T08:41:00,Milan
CP0201,PAM,Zoa White Sugar Bio,Zoa,4.02,2026-01-04T21:20:00,Milan
CP0202,PAM,Zoa Brown Sugar Bio, Zoa,2.55,2026-03-21T19:05:00,Milan
CP0203,PAM,Ground Coffee Bio confezione 375g,PAM,2.33,2026-03-01T19:18:00,Milan
CP0204,PAM,Pam Panorama Coffee Beans Bio,Pam Panorama,2.52,2026-04-27T07:16:00,Milan
CP0205,PAM,Arkalia Corn Flakes Bio,Arkalia,4.46,2026-01-26T02:47:00,Milan
CP0206,PAM,Muesli Bio confezione 562.5g,De Cecco,3.43,2026-01-26T00:00:00,Milan
CP0207,PAM,Margherita Pizza Bio confezione 262.5g,Pam Panorama,5.2,2026-01-18T07:56:00,Milan
CP0208,PAM,Vegetable Pizza Bio,Pam Panorama,2.78,2026-04-20T00:00:00,Milan
CP0209,PAM,Frozen Peas Bio confezione 450g,Zoa,3.07,2026-04-29T00:00:00,Milan
CP0210,PAM,Zoa Frozen Spinach Bio,Zoa,4.37,2026-03-08T00:00:00,Milan
CP0211,PAM,Frozen Salmon Fillets Bio,Mutti,5.34,2026-01-01T03:37:00,Milan
CP0212,PAM,Fish Fingers Bio confezione 300g,PAM,3.03,2026-01-30T00:00:00,Milan
CP0213,PAM,still water bio,Semplici e Buoni,2.27,2026-04-12T00:00:00,Milan
CP0214,PAM,Zoa Sparkling Water Bio,Zoa,1.32,2026-03-08T00:08:00,Milan
CP0215,PAM,Arkalia Orange Juice Bio,Arkalia,1.89,2026-03-29T00:00:00,Milan
CP0216,PAM,Bio Pam Apple Juice Bio,Bio Pam,1.2,2026-03-30T23:54:00,Milan
CP0217,PAM,Zoa Cola Bio,Zoa,1.17,2026-01-28T00:00:00,Milan
CP0218,PAM,Lemon Soda Bio,Semplici e Buoni,1.13,2026-02-27T19:40:00,Milan
CP0219,PAM,Green Tea Bio,Zoa,1.28,2026-01-17T00:00:00,Milan
CP0220,PAM,Zoa Black Tea Bio,Zoa,0.0,2026-01-31T00:00:00,Milan
CP0221,PAM,Dish Soap Bio confezione 562.5ml,Bio Pam,6.57,2026-01-02T23:42:00,Milan
CP0222,PAM,Pam Panorama Laundry Detergent Bio,Pam Panorama,3.67,2026-02-04T00:00:00,Milan
CP0223,PAM,Arkalia Toilet Paper Bio,Arkalia,2.92,2026-03-06T20:30:00,Milan
CP0224,PAM,Arkalia Kitchen Towels Bio,Arkalia,4.98,2026-01-05T00:00:00,Milan
CP0225,PAM,Multi Surface Cleaner Bio,PAM,5.29,2026-04-18T12:26:00,Milan
CP0226,PAM,PAM Bleach Bio,PAM,5.65,2026-02-06T00:00:00,Milan
CP0227,PAM,PAM Shampoo Bio,PAM,4.55,2026-03-28T00:00:00,Milan
CP0228,PAM,PAM Conditioner Bio,PAM,5.15,2026-03-31T12:23:00,Milan
CP0229,PAM,Rio Mare Hand Soap Bio,Rio Mare,3.64,2026-03-28T00:00:00,Milan
CP0230,PAM,Body Wash Bio confezione 750ml,Semplici e Buoni,5.16,2026-04-04T16:22:00,Milan
CP0231,PAM,Arkalia Toothpaste Bio,Arkalia,5.41,2026-01-12T00:00:00,Milan
CP0232,PAM,Mozzarella Family Pack,Zoa,3.02,2026-03-22T05:00:00,Milan
CP0233,PAM,Galbani Mozzarella di Bufala Family Pack,Galbani,1.89,2026-03-04T23:13:00,Milan
CP0234,PAM,galbani fior di latte mozzarella family pack,Galbani,1.31,2026-02-13T00:00:00,Milan
CP0235,PAM,Pam Panorama Greek Yogurt Family Pack,Pam Panorama,3.33,2026-03-13T06:43:00,Milan
CP0236,PAM,Strawberry Yogurt Family Pack confezione 1.5pcs,Arkalia,1.7,2026-02-10T13:11:00,Milan
CP0237,PAM,Parmalat Plain Yogurt Family Pack,Parmalat,3.22,2026-04-13T03:57:00,Milan
CP0238,PAM,Whole Milk Family Pack confezione 1l,Pam Panorama,1.38,2026-01-13T00:00:00,Milan
CP0239,PAM,Semi-skimmed Milk Family Pack,PAM,1.4,2026-04-18T09:28:00,Milan
CP0240,PAM, Arkalia Lactose Free Milk Family Pack,Arkalia ,3.24,2026-03-20T14:44:00,Milan
CP0241,PAM,Unsalted Butter Family Pack, Zoa,1.34,2026-01-06T04:47:00,Milan
CP0242,PAM,Salted Butter Family Pack confezione 375g,PAM,1.65,2026-03-06T00:00:00,Milan
CP0243,PAM,Bio Pam Parmigiano Reggiano Family Pack,Bio Pam,2.62,2026-02-01T05:40:00,Milan
CP0244,PAM,Gorgonzola Family Pack,PAM,3.05,2026-02-14T07:07:00,Milan
CP0245,PAM,Ricotta Family Pack confezione 312.5g,Arkalia,2.88,2026-04-03T04:13:00,Milan
CP0246,PAM,Whole Wheat Bread Family Pack,Pam Panorama,1.86,2026-03-21T00:00:00,Milan
CP0247,PAM,Galbani Ciabatta Family Pack,Galbani,2.89,2026-01-11T00:00:00,Milan
CP0248,PAM,Sandwich Bread Family Pack,Bio Pam,2.77,2026-01-24T12:23:00,Milan
CP0249,PAM,Butter Croissant Family Pack,Galbani,1.67,2026-01-14T00:00:00,Milan
CP0250,PAM,arkalia chocolate croissant family pack,Arkalia,2.78,2026-02-10T20:29:00,Milan
CP0251,PAM,Chocolate Chip Cookies Family Pack confezione 450g,Semplici e Buoni ,2.82,2026-02-01T00:00:00,Milan
CP0252,PAM,Digestive Biscuits Family Pack confezione 400g,Galbani,1.45,2026-04-29T00:59:00,Milan
CP0253,PAM,Cherry Tomatoes Family Pack confezione 500g,Bio Pam,2.62,2026-04-20T00:00:00,Milan
CP0254,PAM,Round Tomatoes Family Pack,PAM,2.22,2026-03-03T00:00:00,Milan
CP0255,PAM,Iceberg Lettuce Family Pack confezione 1.5pcs,De Cecco,2.25,2026-03-11T04:24:00,Milan
CP0256,PAM,Galbani Rocket Salad Family Pack,Galbani,1.84,2026-01-17T00:00:00,Milan
CP0257,PAM,Galbani Golden Apples Family Pack,Galbani,3.04,2026-02-11T00:00:00,Milan
CP0258,PAM,Pink Lady Apples Family Pack,Mulino Bianco,3.11,2026-04-24T00:00:00,Milan
CP0259,PAM,Bananas Family Pack confezione 1kg,Pam Panorama,3.75,2026-04-02T00:00:00,Milan
CP0260,PAM,Zoa Potatoes Family Pack,Zoa,2.5,2026-02-19T01:26:00,Milan
CP0261,PAM,Semplici e Buoni Chicken Breast Family Pack,Semplici e Buoni,5.58,2026-04-15T05:18:00,Milan
CP0262,PAM,Zoa Chicken Thighs Family Pack,Zoa,5.36,2026-04-04T00:00:00,Milan
CP0263,PAM,Minced Beef Family Pack,Zoa,7.59,2026-04-25T00:00:00,Milan
CP0264,PAM,Beef Steak Family Pack,Pam Panorama,6.82,2026-03-15T00:00:00,Milan
CP0265,PAM,Prosciutto Cotto Family Pack confezione 150g,Zoa,8.41,2026-03-12T08:22:00,Milan
CP0266,PAM,Bio Pam Salame Milano Family Pack,Bio Pam,4.03,2026-04-06T00:00:00,Milan
CP0267,PAM,Zoa Spaghetti Family Pack,Zoa,3.66,2026-01-03T00:00:00,Milan
CP0268,PAM,Bio Pam Penne Rigate Family Pack,Bio Pam,4.16,2026-04-23T10:47:00,Milan
CP0269,PAM,Fusilli Family Pack ,Arkalia,1.92,2026-03-24T08:54:00,Milan
CP0270,PAM,Carnaroli Rice Family Pack,Rio Mare,2.47,2026-04-25T04:17:00,Milan
CP0271,PAM,Basmati Rice Family Pack,Zoa,3.65,2026-03-13T00:00:00,Milan
CP0272,PAM,Tomato Passata Family Pack,Pam Panorama,2.6,2026-04-28T00:00:00,Milan
CP0273,PAM,Rio Mare Pesto Genovese Family Pack,Rio Mare ,4.24,2026-04-07T12:25:00,Milan
CP0274,PAM,Pam Panorama Extra Virgin Olive Oil Family Pack,Pam Panorama,2.57,2026-01-01T00:00:00,Milan
CP0275,PAM,Mulino Bianco Sunflower Oil Family Pack,Mulino Bianco,4.04,2026-01-24T00:00:00,Milan
CP0276,PAM,All Purpose Flour Family Pack,Pam Panorama,4.43,2026-01-24T03:34:00,Milan
CP0277,PAM,Semplici e Buoni 00 Flour Family Pack,Semplici e Buoni,2.19,2026-02-04T14:07:00,Milan
CP0278,PAM,White Sugar Family Pack,Bio Pam,2.78,2026-03-16T23:38:00,Milan
CP0279,PAM,Brown Sugar Family Pack confezione 0.75kg,Barilla,2.37,2026-01-18T00:00:00,Milan
CP0280,PAM,PAM Ground Coffee Family Pack,PAM,3.63,2026-02-18T00:00:00,Milan
CP0281,PAM,Pam Panorama Coffee Beans Family Pack,Pam Panorama,3.62,2026-02-14T00:00:00,Milan
CP0282,PAM,Corn Flakes Family Pack confezione 281.25g,Semplici e Buoni,0.0,2026-04-18T00:00:00,Milan
CP0283,PAM,Muesli Family Pack confezione 750g,Semplici e Buoni,4.05,2026-04-18T00:00:00,Milan
CP0284,PAM,PAM Margherita Pizza Family Pack,PAM,4.06,2026-01-02T00:00:00,Milan
CP0285,PAM,Vegetable Pizza Family Pack confezione 570g,Semplici e Buoni,5.49,2026-03-03T11:05:00,Milan
CP0286,PAM,Frozen Peas Family Pack confezione 450g,Zoa,5.49,2026-03-15T19:18:00,Milan
CP0287,PAM,Frozen Spinach Family Pack confezione 450g,PAM,2.38,2026-03-10T07:33:00,Milan
CP0288,PAM,Zoa Frozen Salmon Fillets Family Pack,ZOA,2.46,2026-01-02T00:00:00,Milan
CP0289,PAM,Fish Fingers Family Pack,Barilla,5.29,2026-02-20T00:00:00,Milan
CP0290,PAM,Bio Pam Still Water Family Pack,Bio Pam,1.15,2026-04-13T10:19:00,Milan
CP0291,PAM,Arkalia Sparkling Water Family Pack,Arkalia,2.54,2026-02-01T00:00:00,Milan
CP0292,PAM,Orange Juice Family Pack confezione 1.5l,Pam Panorama,1.99,2026-04-20T00:00:00,Milan
CP0293,PAM,Bio Pam Apple Juice Family Pack,Bio Pam,2.48,2026-03-12T00:00:00,Milan
CP0294,PAM,Cola Family Pack confezione 1.88l,Arkalia,1.52,2026-03-17T00:00:00,Milan
CP0295,PAM,Semplici e Buoni Lemon Soda Family Pack,Semplici e Buoni,2.12,2026-03-02T00:00:00,Milan
CP0296,PAM,Green Tea Family Pack confezione 25pcs,Mutti,2.05,2026-02-05T00:00:00,Milan
CP0297,PAM,Black Tea Family Pack ,Pam Panorama,1.92,2026-01-05T19:04:00,Milan
CP0298,PAM,Dish Soap Family Pack confezione 750ml,Arkalia,6.2,2026-03-22T00:00:00,Milan
CP0299,PAM,Zoa Laundry Detergent Family Pack,Zoa,2.93,2026-01-16T00:00:00,Milan
CP0300,PAM,Toilet Paper Family Pack,Arkalia,3.32,2026-02-06T00:00:00,Milan
CP0301,PAM,KITCHEN TOWELS FAMILY PACK,Zoa,4.16,2026-01-04T03:01:00,Milan
CP0302,PAM,Arkalia Multi Surface Cleaner Family Pack,arkalia,3.47,2026-01-17T00:00:00,Milan
CP0303,PAM,Bleach Family Pack,Zoa,6.7,2026-01-19T06:42:00,Milan
CP0304,PAM,Shampoo Family Pack,PAM,5.55,2026-01-15T11:17:00,Milan
CP0305,PAM,Conditioner Family Pack,Mulino Bianco,2.97,2026-02-02T00:00:00,Milan
CP0306,PAM,Hand Soap Family Pack confezione 225ml,Rio Mare ,3.01,2026-02-01T00:00:00,Milan
CP0307,PAM, Body Wash Family Pack ,Arkalia,4.52,2026-03-23T00:00:00,Milan
CP0308,PAM,Toothpaste Family Pack confezione 56.25ml,ZOA,3.45,2026-02-02T00:49:00,Milan
CP0309,PAM,Arkalia Mozzarella Mini,Arkalia,1.7,2026-02-16T21:16:00,Milan
CP0310,PAM,Semplici e Buoni Mozzarella di Bufala Mini,Semplici e Buoni,1.59,2026-02-21T00:00:00,Milan
CP0311,PAM,Granarolo Fior di latte mozzarella Mini, Granarolo,1.76,2026-04-12T00:00:00,Milan
CP0312,PAM,Greek Yogurt Mini,Semplici e Buoni,3.24,2026-02-16T00:00:00,Milan
CP0313,PAM,Semplici e Buoni Strawberry Yogurt Mini,Semplici e Buoni,1.83,2026-03-13T14:24:00,Milan
CP0314,PAM,Zoa Plain Yogurt Mini,Zoa,2.18,2026-02-26T00:00:00,Milan
CP0315,PAM,Whole Milk Mini,Semplici e Buoni,2.39,2026-03-20T00:00:00,Milan
CP0316,PAM,Semi-skimmed Milk Mini confezione 1.25l,PAM,2.08,2026-02-03T19:22:00,Milan
CP0317,PAM,Arkalia Lactose Free Milk Mini,ARKALIA,1.62,2026-03-14T00:00:00,Milan
CP0318,PAM,Rio Mare Unsalted Butter Mini, Rio Mare,2.01,2026-01-21T05:11:00,Milan
CP0319,PAM,Semplici e Buoni Salted Butter Mini,Semplici e Buoni,1.7,2026-03-29T00:00:00,Milan
CP0320,PAM,Zoa Parmigiano Reggiano Mini,Zoa,1.87,2026-03-02T00:00:00,Milan
CP0321,PAM,PAM PANORAMA GORGONZOLA MINI,Pam Panorama,3.2,2026-04-06T00:00:00,Milan
CP0322,PAM, Ricotta Mini confezione 250g,Arkalia,3.26,2026-02-23T06:07:00,Milan
CP0323,PAM,Whole Wheat Bread Mini,Bio Pam,2.35,2026-04-25T00:00:00,Milan
CP0324,PAM,Semplici e Buoni Ciabatta Mini,Semplici e Buoni,2.85,2026-03-21T22:54:00,Milan
CP0325,PAM,Galbani Sandwich Bread Mini,Galbani,1.89,2026-03-13T14:49:00,Milan
CP0326,PAM,Rio Mare Butter Croissant Mini,Rio Mare,3.64,2026-04-23T00:00:00,Milan
CP0327,PAM,chocolate croissant mini,Pam Panorama,3.21,2026-01-23T16:00:00,Milan
CP0328,PAM,Semplici e Buoni Chocolate Chip Cookies Mini,Semplici e Buoni,2.8,2026-01-09T00:00:00,Milan
CP0329,PAM,Zoa Digestive Biscuits Mini,Zoa,3.55,2026-04-24T00:00:00,Milan
CP0330,PAM,Cherry Tomatoes Mini confezione 375g, Bio Pam,2.09,2026-03-30T00:00:00,Milan
CP0331,PAM,Round Tomatoes Mini confezione 1kg,Bio Pam,3.7,2026-04-18T12:31:00,Milan
CP0332,PAM,Pam Panorama Iceberg Lettuce Mini,Pam Panorama,2.4,2026-04-25T00:00:00,Milan
CP0333,PAM,Rocket Salad Mini,Ferrero,3.73,2026-04-25T00:00:00,Milan
CP0334,PAM,Golden Apples Mini confezione 1.25kg,Zoa,2.21,2026-02-03T00:00:00,Milan
CP0335,PAM,Pink Lady Apples Mini,Bio Pam,3.78,2026-03-22T14:28:00,Milan
CP0336,PAM,Pam Panorama Bananas Mini,Pam Panorama,3.3,2026-04-12T00:00:00,Milan
CP0337,PAM,Zoa Potatoes Mini,Zoa,1.93,2026-01-12T00:00:00,Milan
CP0338,PAM,Chicken Breast Mini,Galbani,7.32,2026-04-07T00:00:00,Milan
CP0339,PAM,Chicken Thighs Mini,Mulino Bianco,4.47,2026-02-28T00:00:00,Milan
CP0340,PAM,Semplici e Buoni Minced Beef Mini,Semplici e Buoni,4.03,2026-02-22T00:00:00,Milan
CP0341,PAM,Pam Panorama Beef Steak Mini,Pam Panorama,5.41,2026-04-30T10:11:00,Milan
CP0342,PAM,Prosciutto Cotto Mini,Bio Pam,5.92,2026-01-08T00:00:00,Milan
CP0343,PAM,Semplici e Buoni Salame Milano Mini,Semplici e Buoni,5.83,2026-03-07T00:00:00,Milan
CP0344,PAM,Spaghetti Mini confezione 625g,Zoa,1.97,2026-03-06T00:00:00,Milan
CP0345,PAM,Penne Rigate Mini confezione 500g,Bio Pam,1.96,2026-01-26T23:21:00,Milan
CP0346,PAM,Pam Panorama Fusilli Mini, Pam Panorama,2.24,2026-01-21T06:54:00,Milan
CP0347,PAM,Carnaroli Rice Mini confezione 1.5kg,Semplici e Buoni,3.82,2026-02-16T00:00:00,Milan
CP0348,PAM,Basmati Rice Mini,Arkalia,4.21,2026-01-03T19:48:00,Milan
CP0349,PAM,tomato passata mini confezione 700ml, PAM,2.2,2026-01-15T07:15:00,Milan
CP0350,PAM,Pam Panorama Pesto Genovese Mini,Pam Panorama,2.54,2026-02-24T00:00:00,Milan
CP0351,PAM,Parmalat Extra Virgin Olive Oil Mini,Parmalat,4.05,2026-03-28T14:50:00,Milan
CP0352,PAM,Aia Sunflower Oil Mini,Aia,3.03,2026-04-14T00:00:00,Milan
CP0353,PAM,ALL PURPOSE FLOUR MINI CONFEZIONE 0.75KG,Bio Pam,3.48,2026-04-05T07:13:00,Milan
CP0354,PAM,00 FLOUR MINI CONFEZIONE 1.5KG,Mulino Bianco,2.78,2026-05-01T00:00:00,Milan
CP0355,PAM,White Sugar Mini confezione 1.5kg,Arkalia,2.38,2026-01-03T08:47:00,Milan
CP0356,PAM,Pam Panorama Brown Sugar Mini,Pam Panorama,1.99,2026-01-04T19:17:00,Milan
CP0357,PAM,Ground Coffee Mini,Barilla,3.73,2026-01-20T00:00:00,Milan
CP0358,PAM,Coffee Beans Mini confezione 375g,Arkalia,2.74,2026-03-22T20:34:00,Milan
CP0359,PAM,Semplici e Buoni Corn Flakes Mini,Semplici e Buoni,3.69,2026-01-05T23:00:00,Milan
CP0360,PAM, Muesli Mini confezione 1125g ,Zoa,4.71,2026-03-28T13:09:00,Milan
CP0361,PAM,Margherita Pizza Mini,Parmalat,5.53,2026-01-12T00:00:00,Milan
CP0362,PAM,Vegetable Pizza Mini confezione 570g,Zoa,0.0,2026-04-27T00:00:00,Milan
CP0363,PAM,Frozen Peas Mini confezione 675g,Zoa,4.48,2026-02-20T03:23:00,Milan
CP0364,PAM,Frozen Spinach Mini confezione 450g,Parmalat,3.67,2026-02-08T03:15:00,Milan
CP0365,PAM,PAM Frozen Salmon Fillets Mini,PAM,5.78,2026-03-10T18:31:00,Milan
CP0366,PAM,Bio Pam Fish Fingers Mini,Bio Pam,5.44,2026-04-25T18:53:00,Milan
CP0367,PAM,Ferrero Still Water Mini,Ferrero,1.47,2026-04-12T00:00:00,Milan
CP0368,PAM,Sparkling Water Mini confezione 1.5l,Semplici e Buoni,2.46,2026-01-08T00:00:00,Milan
CP0369,PAM,Orange Juice Mini confezione 0.75l,Semplici e Buoni,1.1,2026-04-25T00:00:00,Milan
CP0370,PAM,Rio Mare Apple Juice Mini,Rio Mare,1.08,2026-01-21T00:00:00,Milan
CP0371,PAM,Pam Panorama Cola Mini,Pam Panorama,1.66,2026-01-24T00:00:00,Milan
CP0372,PAM,Bio Pam Lemon Soda Mini,Bio Pam,1.75,2026-03-07T19:25:00,Milan
CP0373,PAM,Bio Pam Green Tea Mini,Bio Pam,1.53,2026-03-11T13:30:00,Milan
CP0374,PAM,Rio Mare Black Tea Mini,Rio Mare,1.31,2026-01-11T16:29:00,Milan
CP0375,PAM,Dish Soap Mini,Ferrero,4.45,2026-01-07T15:20:00,Milan
CP0376,PAM,LAUNDRY DETERGENT MINI CONFEZIONE 1.5L,Zoa,3.72,2026-04-20T00:00:00,Milan
CP0377,PAM,Toilet Paper Mini,Pam Panorama,6.81,2026-03-10T01:18:00,Milan
CP0378,PAM,Galbani Kitchen Towels Mini,Galbani,4.03,2026-04-24T00:00:00,Milan
CP0379,PAM,Rio Mare Multi Surface Cleaner Mini,Rio Mare,3.2,2026-04-25T00:00:00,Milan
CP0380,PAM,PAM Bleach Mini,PAM,4.91,2026-02-12T00:00:00,Milan
CP0381,PAM,Mutti Shampoo Mini,Mutti,3.84,2026-01-11T00:00:00,Milan
CP0382,PAM,Zoa Conditioner Mini,zoa,6.09,2026-03-23T00:00:00,Milan
CP0383,PAM,Parmalat Hand Soap Mini,PARMALAT,0.0,2026-03-03T08:08:00,Milan
CP0384,PAM,Bio Pam Body Wash Mini,Bio Pam,3.16,2026-03-24T09:50:00,Milan
CP0385,PAM,Toothpaste Mini,PAM,4.78,2026-02-01T00:00:00,Milan
CP0386,PAM,Ferrero Mozzarella Maxi,Ferrero,2.33,2026-03-07T07:24:00,Milan
CP0387,PAM,Semplici e Buoni Mozzarella di Bufala Maxi,Semplici e Buoni,3.07,2026-01-13T01:36:00,Milan
CP0388,PAM,Fior di latte mozzarella Maxi,Arkalia,2.24,2026-02-10T22:21:00,Milan
CP0389,PAM,Greek Yogurt Maxi confezione 170g,Ferrero,0.0,2026-04-28T00:00:00,Milan
CP0390,PAM,Strawberry Yogurt Maxi confezione 2pcs,Bio Pam,2.1,2026-01-20T12:52:00,Milan
CP0391,PAM,Galbani Plain Yogurt Maxi,Galbani,1.61,2026-02-21T18:41:00,Milan
CP0392,PAM,Whole Milk Maxi,De Cecco,2.78,2026-04-23T00:00:00,Milan
CP0393,PAM, Zoa Semi-skimmed Milk Maxi ,zoa,3.24,2026-03-16T00:00:00,Milan
CP0394,PAM,PAM Lactose Free Milk Maxi,PAM,2.04,2026-03-29T00:00:00,Milan
CP0395,PAM,Unsalted Butter Maxi,Arkalia,1.39,2026-03-19T18:24:00,Milan
CP0396,PAM,Arkalia Salted Butter Maxi,Arkalia,1.57,2026-04-13T00:00:00,Milan
CP0397,PAM,Parmigiano Reggiano Maxi confezione 150g,Pam Panorama,2.2,2026-04-28T00:00:00,Milan
CP0398,PAM,Arkalia Gorgonzola Maxi,Arkalia,3.27,2026-01-23T00:00:00,Milan
CP0399,PAM,Arkalia Ricotta Maxi,Arkalia,2.54,2026-02-21T00:00:00,Milan
CP0400,PAM,Whole Wheat Bread Maxi confezione 750g,PAM,2.01,2026-02-27T00:00:00,Milan
CP0401,PAM,pam panorama ciabatta maxi,Pam Panorama,3.37,2026-03-10T16:50:00,Milan
CP0402,PAM, Sandwich Bread Maxi confezione 412.5g,Pam Panorama,1.62,2026-03-09T00:00:00,Milan
CP0403,PAM,Arkalia Butter Croissant Maxi,Arkalia,3.12,2026-02-24T00:00:00,Milan
CP0404,PAM,Chocolate Croissant Maxi,Mutti,2.98,2026-01-26T04:00:00,Milan
CP0405,PAM,Chocolate Chip Cookies Maxi, Pam Panorama ,3.54,2026-01-22T19:18:00,Milan
CP0406,PAM,Digestive Biscuits Maxi confezione 600g ,De Cecco,3.35,2026-03-29T15:08:00,Milan
CP0407,PAM,PAM Cherry Tomatoes Maxi,PAM,4.01,2026-01-06T08:48:00,Milan
CP0408,PAM,Round Tomatoes Maxi confezione 1kg,Bio Pam,3.11,2026-03-11T10:34:00,Milan
CP0409,PAM,iceberg lettuce maxi,Pam Panorama,2.11,2026-03-28T00:00:00,Milan
CP0410,PAM,Bio Pam Rocket Salad Maxi,Bio Pam,2.52,2026-01-07T00:00:00,Milan
CP0411,PAM,Arkalia Golden Apples Maxi,Arkalia,2.57,2026-03-03T00:00:00,Milan
CP0412,PAM,Pink Lady Apples Maxi confezione 1kg,Pam Panorama,2.44,2026-02-11T09:31:00,Milan
CP0413,PAM, Bio Pam Bananas Maxi ,Bio Pam,1.84,2026-01-07T09:07:00,Milan
CP0414,PAM,Bio Pam Potatoes Maxi,Bio Pam,3.87,2026-01-13T00:00:00,Milan
CP0415,PAM,Rio Mare Chicken Breast Maxi,Rio Mare,8.13,2026-02-01T00:24:00,Milan
CP0416,PAM,Chicken Thighs Maxi,Zoa,6.37,2026-03-13T00:00:00,Milan
CP0417,PAM,Minced Beef Maxi,Pam Panorama,8.49,2026-01-19T06:39:00,Milan
CP0418,PAM,Bio Pam Beef Steak Maxi,Bio Pam,8.69,2026-04-04T01:02:00,Milan
CP0419,PAM,Aia Prosciutto Cotto Maxi,Aia,6.93,2026-04-07T17:08:00,Milan
CP0420,PAM,PAM Salame Milano Maxi,PAM,4.17,2026-03-25T20:47:00,Milan
CP0421,PAM,Spaghetti Maxi,Aia,4.34,2026-03-19T00:00:00,Milan
CP0422,PAM,Zoa Penne Rigate Maxi,Zoa,4.28,2026-01-26T01:11:00,Milan
CP0423,PAM,Ferrero Fusilli Maxi,Ferrero,2.16,2026-01-12T00:00:00,Milan
CP0424,PAM,Carnaroli Rice Maxi,BARILLA,4.19,2026-04-01T03:10:00,Milan
CP0425,PAM,Semplici e Buoni Basmati Rice Maxi,Semplici e Buoni,3.57,2026-04-17T00:00:00,Milan
CP0426,PAM,Tomato Passata Maxi,Arkalia,2.42,2026-04-08T00:00:00,Milan
CP0427,PAM,Arkalia Pesto Genovese Maxi,Arkalia,3.44,2026-02-17T07:02:00,Milan
CP0428,PAM, Extra Virgin Olive Oil Maxi confezione 1.5l,PAM,2.93,2026-01-02T00:00:00,Milan
CP0429,PAM,Sunflower Oil Maxi confezione 1l,Galbani,3.09,2026-02-15T00:00:00,Milan
CP0430,PAM,Pam Panorama All Purpose Flour Maxi,Pam Panorama,2.18,2026-04-12T18:12:00,Milan
CP0431,PAM,Pam Panorama 00 Flour Maxi,Pam Panorama,2.9,2026-04-03T00:00:00,Milan
CP0432,PAM,Pam Panorama White Sugar Maxi, Pam Panorama ,3.75,2026-02-07T00:00:00,Milan
CP0433,PAM,Brown Sugar Maxi confezione 1kg,Arkalia,4.73,2026-01-22T00:00:00,Milan
CP0434,PAM,Ground Coffee Maxi confezione 250g,Bio Pam,4.36,2026-01-08T23:30:00,Milan
CP0435,PAM,Coffee Beans Maxi confezione 500g,Arkalia,1.89,2026-03-01T00:00:00,Milan
CP0436,PAM,Corn Flakes Maxi,Bio Pam,1.99,2026-01-21T06:46:00,Milan
CP0437,PAM,Muesli Maxi,Mutti,3.17,2026-02-07T19:50:00,Milan
CP0438,PAM,Margherita Pizza Maxi,Zoa,4.16,2026-01-22T02:20:00,Milan
CP0439,PAM,Vegetable Pizza Maxi confezione 380g,Semplici e Buoni,2.51,2026-04-18T00:00:00,Milan
CP0440,PAM,Frozen Peas Maxi confezione 337.5g,Arkalia,3.54,2026-04-23T00:00:00,Milan
CP0441,PAM,Arkalia Frozen Spinach Maxi,Arkalia,4.53,2026-02-09T13:02:00,Milan
CP0442,PAM,Frozen Salmon Fillets Maxi confezione 500g,Zoa,4.59,2026-01-12T00:00:00,Milan
CP0443,PAM,Arkalia Fish Fingers Maxi,Arkalia,4.52,2026-03-11T01:41:00,Milan
CP0444,PAM,Bio Pam Still Water Maxi,Bio Pam,1.92,2026-03-03T00:00:00,Milan
CP0445,PAM,PAM Sparkling Water Maxi,PAM,1.21,2026-04-21T00:00:00,Milan
CP0446,PAM,Zoa Orange Juice Maxi,Zoa,1.98,2026-04-14T15:48:00,Milan
CP0447,PAM,PAM Apple Juice Maxi, PAM ,1.56,2026-04-25T09:50:00,Milan
CP0448,PAM,Pam Panorama Cola Maxi,Pam Panorama,1.29,2026-02-09T07:26:00,Milan
CP0449,PAM,Lemon Soda Maxi,Galbani,2.45,2026-02-08T03:02:00,Milan
CP0450,PAM,Barilla Green Tea Maxi,Barilla,1.33,2026-03-11T00:00:00,Milan
CP0451,PAM,Black Tea Maxi confezione 37.5pcs,Semplici e Buoni,2.51,2026-04-13T23:37:00,Milan
CP0452,PAM,Arkalia Dish Soap Maxi,Arkalia,3.46,2026-01-08T00:00:00,Milan
CP0453,PAM,Mulino Bianco Laundry Detergent Maxi,Mulino Bianco,5.54,2026-01-19T11:40:00,Milan
CP0454,PAM, Pam Panorama Toilet Paper Maxi,Pam Panorama,6.33,2026-03-06T00:00:00,Milan
CP0455,PAM,Zoa Kitchen Towels Maxi,Zoa,5.11,2026-01-23T00:00:00,Milan
CP0456,PAM,Pam Panorama Multi Surface Cleaner Maxi,PAM PANORAMA,6.85,2026-03-26T00:00:00,Milan
CP0457,PAM,Pam Panorama Bleach Maxi,Pam Panorama,4.51,2026-03-29T00:00:00,Milan
CP0458,PAM,Shampoo Maxi,PAM,3.07,2026-03-17T00:00:00,Milan
CP0459,PAM,Semplici e Buoni Conditioner Maxi,SEMPLICI E BUONI,3.77,2026-03-01T00:00:00,Milan
CP0460,PAM,Bio Pam Hand Soap Maxi,Bio Pam,3.97,2026-01-09T12:15:00,Milan
CP0461,PAM,Semplici e Buoni Body Wash Maxi,Semplici e Buoni,3.46,2026-04-06T15:09:00,Milan
CP0462,PAM,Toothpaste Maxi,Zoa,5.26,2026-04-21T14:55:00,Milan
CP0463,PAM,Semplici e Buoni Mozzarella Light,Semplici e Buoni ,1.66,2026-01-29T00:00:00,Milan
CP0464,PAM,Arkalia Mozzarella di Bufala Light,Arkalia,2.77,2026-05-01T00:00:00,Milan
CP0465,PAM,Fior di latte mozzarella Light,Pam Panorama,2.01,2026-02-02T00:00:00,Milan
CP0466,PAM,SEMPLICI E BUONI GREEK YOGURT LIGHT,Semplici e Buoni,1.67,2026-03-09T21:22:00,Milan
CP0467,PAM,Strawberry Yogurt Light confezione 2pcs,Pam Panorama,2.92,2026-03-03T00:00:00,Milan
CP0468,PAM,Bio Pam Plain Yogurt Light,Bio Pam,1.63,2026-02-20T19:03:00,Milan
CP0469,PAM,Whole Milk Light confezione 0.75l,Zoa,1.31,2026-03-17T00:00:00,Milan
CP0470,PAM,Semi-skimmed Milk Light,PAM,0.0,2026-02-06T15:45:00,Milan
CP0471,PAM,Zoa Lactose Free Milk Light,Zoa,2.63,2026-02-23T13:22:00,Milan
CP0472,PAM,Arkalia Unsalted Butter Light,Arkalia,3.09,2026-01-29T00:00:00,Milan
CP0473,PAM,Arkalia Salted Butter Light,Arkalia,2.5,2026-03-12T00:00:00,Milan
CP0474,PAM,Parmigiano Reggiano Light,Zoa,1.88,2026-02-02T00:00:00,Milan
CP0475,PAM,Barilla Gorgonzola Light,Barilla ,2.97,2026-02-26T00:50:00,Milan
CP0476,PAM,Ricotta Light,Arkalia ,2.04,2026-04-18T00:00:00,Milan
CP0477,PAM,Whole Wheat Bread Light confezione 750g,Bio Pam,1.89,2026-05-01T10:45:00,Milan
CP0478,PAM,Zoa Ciabatta Light,Zoa,2.29,2026-03-23T00:00:00,Milan
CP0479,PAM,SANDWICH BREAD LIGHT CONFEZIONE 550G,Pam Panorama,3.12,2026-02-10T10:41:00,Milan
CP0480,PAM,Aia Butter Croissant Light,Aia,2.08,2026-03-21T00:00:00,Milan
CP0481,PAM,Bio Pam Chocolate Croissant Light ,Bio Pam,2.63,2026-03-14T00:00:00,Milan
CP0482,PAM,Chocolate Chip Cookies Light,Arkalia,2.13,2026-01-31T00:00:00,Milan
CP0483,PAM,Digestive Biscuits Light confezione 300g,Zoa,3.7,2026-03-04T00:00:00,Milan
CP0484,PAM,Mulino Bianco Cherry Tomatoes Light,Mulino Bianco,2.87,2026-03-29T00:00:00,Milan
CP0485,PAM,Round Tomatoes Light confezione 1kg,Zoa,2.23,2026-04-22T00:00:00,Milan
CP0486,PAM,bio pam iceberg lettuce light,Bio Pam,2.62,2026-01-23T16:53:00,Milan
CP0487,PAM,Ferrero Rocket Salad Light,Ferrero,3.26,2026-01-09T13:58:00,Milan
CP0488,PAM,Golden Apples Light,Zoa,2.22,2026-03-05T07:56:00,Milan
CP0489,PAM,Pink Lady Apples Light confezione 1kg,Semplici e Buoni,3.81,2026-03-27T00:00:00,Milan
CP0490,PAM, Bananas Light ,Galbani,3.06,2026-01-25T12:06:00,Milan
CP0491,PAM,Zoa Potatoes Light,Zoa,2.06,2026-02-17T00:00:00,Milan
CP0492,PAM,Chicken Breast Light,Rio Mare,4.9,2026-03-13T18:31:00,Milan
CP0493,PAM,Chicken Thighs Light,Arkalia,5.57,2026-02-23T00:00:00,Milan
CP0494,PAM,Semplici e Buoni Minced Beef Light, Semplici e Buoni,7.05,2026-01-23T00:00:00,Milan
CP0495,PAM,Beef Steak Light,PAM,8.15,2026-04-04T00:00:00,Milan
CP0496,PAM,Prosciutto Cotto Light,Pam Panorama,7.22,2026-04-12T00:00:00,Milan
CP0497,PAM, Salame Milano Light,Zoa,0.0,2026-01-22T00:00:00,Milan
CP0498,pam,Spaghetti Light,Ferrero,2.79,2026-03-13T00:00:00,Milan
CP0499,PAM,Parmalat Penne Rigate Light,Parmalat,3.4,2026-04-07T00:00:00,Milan
CP0500,PAM,Zoa Fusilli Light,Zoa,2.67,2026-03-04T01:31:00,Milan
CP0501,PAM,Carnaroli Rice Light confezione 0.75kg,Zoa,3.57,2026-03-09T00:00:00,Milan
CP0502,PAM,PAM Basmati Rice Light, PAM ,4.73,2026-03-10T00:00:00,Milan
CP0503,PAM,Arkalia Tomato Passata Light,Arkalia,3.1,2026-02-21T00:00:00,Milan
CP0504,PAM, Bio Pam Pesto Genovese Light ,Bio Pam,2.87,2026-02-07T00:00:00,Milan
CP0505,PAM,Extra Virgin Olive Oil Light,Arkalia,2.73,2026-04-03T00:00:00,Milan
CP0506,PAM,PAM Sunflower Oil Light ,PAM,3.66,2026-04-04T19:22:00,Milan
CP0507,PAM,All Purpose Flour Light confezione 1kg,Pam Panorama,4.71,2026-04-06T20:21:00,Milan
CP0508,PAM,00 Flour Light,Semplici e Buoni,1.9,2026-04-17T20:04:00,Milan
CP0509,PAM,Semplici e Buoni White Sugar Light,Semplici e Buoni,3.75,2026-03-26T08:45:00,Milan
CP0510,PAM,Bio Pam Brown Sugar Light, Bio Pam ,4.14,2026-04-04T00:00:00,Milan
CP0511,PAM,Ground Coffee Light,Semplici e Buoni,2.86,2026-01-24T00:00:00,Milan
CP0512,PAM,Coffee Beans Light,Bio Pam,3.18,2026-04-11T00:00:00,Milan
CP0513,PAM,Corn Flakes Light confezione 281.25g ,zoa,1.91,2026-04-20T00:00:00,Milan
CP0514,PAM,Muesli Light,Semplici e Buoni,4.64,2026-01-03T01:52:00,Milan
CP0515,PAM,Margherita Pizza Light,Zoa,3.95,2026-02-26T00:00:00,Milan
CP0516,PAM,Vegetable Pizza Light confezione 380g,De Cecco,5.38,2026-03-01T00:00:00,Milan
CP0517,PAM, Pam Panorama Frozen Peas Light ,Pam Panorama,3.9,2026-04-22T00:00:00,Milan
CP0518,PAM,Semplici e Buoni Frozen Spinach Light,Semplici e Buoni,4.48,2026-01-31T03:47:00,Milan
CP0519,PAM,Frozen Salmon Fillets Light confezione 300g,Parmalat,4.75,2026-01-23T00:00:00,Milan
CP0520,PAM,Ferrero Fish Fingers Light,Ferrero,3.8,2026-01-18T00:00:00,Milan
CP0521,PAM,Still Water Light,PAM,2.36,2026-02-18T00:00:00,Milan
CP0522,PAM,PAM Sparkling Water Light,PAM,2.05,2026-02-06T00:00:00,Milan
CP0523,PAM,Orange Juice Light confezione 1l,Arkalia,2.23,2026-03-22T00:00:00,Milan
CP0524,PAM,Apple Juice Light confezione 1l,Semplici e Buoni,1.74,2026-01-18T15:15:00,Milan
CP0525,PAM,Cola Light,Pam Panorama,1.66,2026-01-21T00:00:00,Milan
CP0526,PAM, Lavazza Lemon Soda Light,Lavazza ,1.7,2026-04-11T00:00:00,Milan
CP0527,PAM,Green Tea Light confezione 30pcs ,De Cecco,2.06,2026-04-09T00:00:00,Milan
CP0528,PAM,Semplici e Buoni Black Tea Light,Semplici e Buoni,1.58,2026-02-23T08:47:00,Milan
CP0529,PAM,Dish Soap Light,Bio Pam,5.79,2026-01-11T00:00:00,Milan
CP0530,PAM,Bio Pam Laundry Detergent Light,Bio Pam,3.93,2026-02-02T00:00:00,Milan
CP0531,PAM,Semplici e Buoni Toilet Paper Light,Semplici e Buoni,4.07,2026-01-02T01:27:00,Milan
CP0532,PAM,Ferrero Kitchen Towels Light,Ferrero,2.92,2026-01-13T00:00:00,Milan
CP0533,PAM,Arkalia Multi Surface Cleaner Light,Arkalia,3.63,2026-01-13T00:00:00,Milan
CP0534,PAM,Bleach Light,PAM,5.52,2026-02-21T00:00:00,Milan
CP0535,PAM,Granarolo Shampoo Light,granarolo,3.58,2026-02-22T00:00:00,Milan
CP0536,PAM,Conditioner Light confezione 375ml,zoa,4.08,2026-04-18T08:09:00,Milan
CP0537,PAM,PAM Hand Soap Light,PAM,3.84,2026-04-11T08:06:00,Milan
CP0538,PAM,Body Wash Light,Semplici e Buoni,2.86,2026-04-26T18:54:00,Milan
CP0539,PAM,PAM Toothpaste Light,PAM,5.12,2026-04-12T17:57:00,Milan
CP0540,PAM,Mozzarella Fresh confezione 156.25g,Bio Pam,1.64,2026-01-10T19:33:00,Milan
CP0541,PAM,Mozzarella di Bufala Fresh, Mulino Bianco ,2.36,2026-01-22T00:00:00,Milan
CP0542,PAM,Zoa Fior di latte mozzarella Fresh,Zoa,2.73,2026-04-27T00:00:00,Milan
CP0543,PAM,Greek Yogurt Fresh,Pam Panorama,3.17,2026-03-12T13:25:00,Milan
CP0544,PAM,Arkalia Strawberry Yogurt Fresh,Arkalia,3.22,2026-03-20T00:00:00,Milan
CP0545,PAM,Plain Yogurt Fresh,Arkalia,1.73,2026-02-14T00:00:00,Milan
CP0546,PAM,Whole Milk Fresh,Zoa,2.05,2026-03-01T13:47:00,Milan
CP0547,PAM,Semi-skimmed Milk Fresh confezione 1.5l,Semplici e Buoni,2.87,2026-01-02T18:40:00,Milan
CP0548,PAM,Arkalia Lactose Free Milk Fresh,Arkalia,0.0,2026-04-04T11:12:00,Milan
CP0549,PAM, Unsalted Butter Fresh ,Semplici e Buoni,1.7,2026-02-02T00:00:00,Milan
CP0550,PAM,Salted Butter Fresh confezione 250g,Zoa,1.92,2026-03-19T00:00:00,Milan
CP0551,PAM,Pam Panorama Parmigiano Reggiano Fresh,Pam Panorama,2.25,2026-03-02T00:00:00,Milan
CP0552,PAM,Gorgonzola Fresh confezione 150g,Bio Pam,3.15,2026-01-07T06:56:00,Milan
CP0553,PAM,Ricotta Fresh,Bio Pam,1.8,2026-02-01T10:58:00,Milan
CP0554,PAM,Rio Mare Whole Wheat Bread Fresh,Rio Mare,3.18,2026-03-18T04:30:00,Milan
CP0555,PAM,Ciabatta Fresh,Zoa,1.94,2026-02-15T19:03:00,Milan
CP0556,PAM,Sandwich Bread Fresh,Galbani,2.88,2026-03-16T00:00:00,Milan
CP0557,PAM,Butter Croissant Fresh,Pam Panorama,1.51,2026-04-18T19:53:00,Milan
CP0558,PAM,Granarolo Chocolate Croissant Fresh,Granarolo,2.32,2026-03-14T00:00:00,Milan
CP0559,PAM,Chocolate Chip Cookies Fresh ,Pam Panorama,3.21,2026-03-25T16:23:00,Milan
CP0560,PAM,Zoa Digestive Biscuits Fresh,Zoa,2.46,2026-03-23T12:49:00,Milan
CP0561,PAM,Cherry Tomatoes Fresh confezione 500g,Bio Pam,3.02,2026-03-17T06:12:00,Milan
CP0562,PAM,Semplici e Buoni Round Tomatoes Fresh,Semplici e Buoni,3.05,2026-04-11T00:00:00,Milan
CP0563,PAM,Semplici e Buoni Iceberg Lettuce Fresh, Semplici e Buoni ,2.95,2026-01-03T16:03:00,Milan
CP0564,PAM,Rocket Salad Fresh,Pam Panorama,2.74,2026-01-07T17:20:00,Milan
CP0565,PAM,Golden Apples Fresh confezione 1kg,Mulino Bianco,3.97,2026-02-06T00:00:00,Milan
CP0566,PAM,Pink Lady Apples Fresh,Galbani,2.94,2026-03-19T10:45:00,Milan
CP0567,PAM,Bananas Fresh,Zoa,1.97,2026-04-10T12:15:00,Milan
CP0568,PAM,Potatoes Fresh confezione 2.5kg, Mutti ,1.61,2026-03-08T18:14:00,Milan
CP0569,PAM,Chicken Breast Fresh confezione 600g,Arkalia,3.56,2026-01-03T00:00:00,Milan
CP0570,PAM,Lavazza Chicken Thighs Fresh,Lavazza,8.75,2026-01-11T00:00:00,Milan
CP0571,PAM,Lavazza Minced Beef Fresh,Lavazza,8.21,2026-01-17T00:00:00,Milan
CP0572,PAM,Beef Steak Fresh confezione 375g,Bio Pam,6.51,2026-02-07T00:00:00,Milan
CP0573,PAM,Zoa Prosciutto Cotto Fresh, Zoa,5.52,2026-04-16T00:00:00,Milan
CP0574,PAM,Salame Milano Fresh,Pam Panorama,6.98,2026-04-12T00:00:00,Milan
CP0575,PAM,Spaghetti Fresh confezione 500g,Bio Pam,0.0,2026-02-21T00:00:00,Milan
CP0576,PAM,PAM Penne Rigate Fresh,PAM,2.76,2026-02-17T00:00:00,Milan
CP0577,PAM,Zoa Fusilli Fresh,Zoa,4.08,2026-01-02T03:24:00,Milan
CP0578,PAM,Carnaroli Rice Fresh confezione 1kg,Aia,2.52,2026-01-14T15:26:00,Milan
CP0579,PAM,Basmati Rice Fresh,Arkalia,4.43,2026-04-27T00:00:00,Milan
CP0580,PAM,Bio Pam Tomato Passata Fresh,Bio Pam,2.03,2026-03-11T17:40:00,Milan
CP0581,PAM,Bio Pam Pesto Genovese Fresh,Bio Pam,3.26,2026-02-01T00:00:00,Milan
CP0582,PAM,Pam Panorama Extra Virgin Olive Oil Fresh,Pam Panorama ,3.98,2026-02-10T17:07:00,Milan
CP0583,PAM,SUNFLOWER OIL FRESH,PAM,4.52,2026-03-03T09:39:00,Milan
CP0584,PAM,All Purpose Flour Fresh confezione 0.75kg,Arkalia,2.79,2026-02-19T00:00:00,Milan
CP0585,PAM,00 Flour Fresh, Pam Panorama,0.0,2026-02-23T00:00:00,Milan
CP0586,PAM,Pam Panorama White Sugar Fresh,Pam Panorama,2.13,2026-04-17T18:23:00,Milan
CP0587,PAM,Brown Sugar Fresh confezione 1kg,De Cecco,3.82,2026-02-13T04:45:00,Milan
CP0588,PAM,Ground Coffee Fresh,PAM,2.26,2026-02-22T00:00:00,Milan
CP0589,PAM,Coffee Beans Fresh,Arkalia,3.58,2026-01-26T15:46:00,Milan
CP0590,PAM,Corn Flakes Fresh confezione 281.25g,Zoa,3.89,2026-01-23T00:00:00,Milan
CP0591,PAM,Muesli Fresh,Bio Pam,2.27,2026-02-12T02:23:00,Milan
CP0592,PAM,Margherita Pizza Fresh,PAM,3.74,2026-04-23T13:05:00,Milan
CP0593,PAM,Vegetable Pizza Fresh,Parmalat,4.07,2026-01-08T00:00:00,Milan
CP0594,PAM,Frozen Peas Fresh,PAM,3.07,2026-02-22T11:44:00,Milan
CP0595,PAM,Frozen Spinach Fresh,Bio Pam,5.17,2026-01-24T00:00:00,Milan
CP0596,PAM,Frozen Salmon Fillets Fresh,PAM,4.9,2026-02-17T13:54:00,Milan
CP0597,PAM,Fish Fingers Fresh confezione 375g,Semplici e Buoni,3.09,2026-04-15T18:58:00,Milan
CP0598,PAM,Bio Pam Still Water Fresh,Bio Pam,1.56,2026-02-11T00:00:00,Milan
CP0599,PAM,Sparkling Water Fresh confezione 1.5l,Rio Mare,1.2,2026-04-20T14:11:00,Milan
CP0600,PAM,Orange Juice Fresh confezione 1.25l,Pam Panorama,1.32,2026-03-04T00:00:00,Milan
CP0601,PAM, Apple Juice Fresh ,Arkalia,2.34,2026-01-07T00:00:00,Milan
CP0602,PAM,Pam Panorama Cola Fresh,Pam Panorama,1.95,2026-02-02T04:50:00,Milan
CP0603,PAM,Lemon Soda Fresh,Pam Panorama,2.32,2026-04-24T00:00:00,Milan
CP0604,PAM,Green Tea Fresh confezione 20pcs,Semplici e Buoni,1.93,2026-01-17T03:16:00,Milan
CP0605,PAM, Black Tea Fresh ,Pam Panorama,1.56,2026-03-29T00:00:00,Milan
CP0606,PAM,Dish Soap Fresh confezione 562.5ml,PAM,6.08,2026-03-01T00:00:00,Milan
CP0607,PAM,Aia Laundry Detergent Fresh,Aia,6.19,2026-02-09T00:00:00,Milan
CP0608,PAM,Toilet Paper Fresh,Pam Panorama,2.81,2026-04-12T19:14:00,Milan
CP0609,PAM,Kitchen Towels Fresh,Ferrero,5.55,2026-03-18T01:32:00,Milan
CP0610,PAM,Zoa Multi Surface Cleaner Fresh,Zoa,4.47,2026-02-10T23:04:00,Milan
CP0611,PAM,Bleach Fresh,Zoa,5.56,2026-03-29T22:51:00,Milan
CP0612,PAM,shampoo fresh confezione 187.5ml,Zoa,5.04,2026-04-10T13:05:00,Milan
CP0613,PAM,PAM Conditioner Fresh,PAM,4.58,2026-04-15T00:00:00,Milan
CP0614,PAM,Hand Soap Fresh,Granarolo,4.17,2026-02-16T00:00:00,Milan
CP0615,PAM,Body Wash Fresh confezione 375ml, Mulino Bianco ,3.39,2026-03-16T00:00:00,Milan
CP0616,PAM,Toothpaste Fresh confezione 93.75ml,Bio Pam,5.17,2026-01-26T11:40:00,Milan
CP0617,PAM,PAM Mozzarella Tradizionale,PAM,2.73,2026-02-26T00:00:00,Milan
CP0618,PAM,Bio Pam Mozzarella di Bufala Tradizionale,Bio Pam,2.86,2026-03-17T07:29:00,Milan
CP0619,PAM,Fior di latte mozzarella Tradizionale confezione 300g,De Cecco,2.48,2026-01-29T22:40:00,Milan
CP0620,PAM,Greek Yogurt Tradizionale confezione 255g,Bio Pam,3.31,2026-02-08T00:00:00,Milan
CP0621,PAM, Strawberry Yogurt Tradizionale,Arkalia,1.51,2026-04-12T00:00:00,Milan
CP0622,PAM,Bio Pam Plain Yogurt Tradizionale,Bio Pam,2.44,2026-01-20T00:00:00,Milan
CP0623,PAM,Granarolo Whole Milk Tradizionale,GRANAROLO,1.34,2026-02-22T03:43:00,Milan
CP0624,PAM,Semi-skimmed Milk Tradizionale confezione 1.5l, Semplici e Buoni ,2.12,2026-01-11T08:12:00,Milan
CP0625,PAM,Lactose Free Milk Tradizionale,Mutti,1.79,2026-03-29T00:00:00,Milan
CP0626,PAM,Rio Mare Unsalted Butter Tradizionale,Rio Mare,2.6,2026-04-24T05:11:00,Milan
CP0627,PAM,SALTED BUTTER TRADIZIONALE CONFEZIONE 375G,pam panorama,1.56,2026-01-17T07:56:00,Milan
CP0628,PAM,Parmigiano Reggiano Tradizionale,PAM,2.87,2026-02-08T00:55:00,Milan
CP0629,PAM,Galbani Gorgonzola Tradizionale,Galbani,3.14,2026-01-17T00:00:00,Milan
CP0630,PAM,Ricotta Tradizionale confezione 312.5g,Bio Pam,2.38,2026-02-11T00:00:00,Milan
CP0631,PAM,Whole Wheat Bread Tradizionale,Aia,2.05,2026-03-18T00:00:00,Milan
CP0632,PAM,Ciabatta Tradizionale confezione 300g,Pam Panorama,2.1,2026-02-26T00:00:00,Milan
CP0633,PAM,Arkalia Sandwich Bread Tradizionale,Arkalia,2.85,2026-04-13T00:00:00,Milan
CP0634,PAM,Granarolo Butter Croissant Tradizionale ,Granarolo,1.72,2026-02-25T00:00:00,Milan
CP0635,PAM,PAM Chocolate Croissant Tradizionale,PAM,2.5,2026-03-31T05:06:00,Milan
CP0636,PAM,Chocolate Chip Cookies Tradizionale,Semplici e Buoni,3.67,2026-01-25T18:28:00,Milan
CP0637,PAM,PAM Digestive Biscuits Tradizionale,PAM,2.28,2026-01-08T00:00:00,Milan
CP0638,PAM,Cherry Tomatoes Tradizionale confezione 500g,PAM,2.93,2026-03-17T00:00:00,Milan
CP0639,PAM,Semplici e Buoni Round Tomatoes Tradizionale, Semplici e Buoni ,2.23,2026-02-26T02:05:00,Milan
CP0640,PAM,Bio Pam Iceberg Lettuce Tradizionale,Bio Pam,3.86,2026-02-12T00:00:00,Milan
CP0641,PAM,Rocket Salad Tradizionale confezione 125g,PAM,3.44,2026-03-07T23:45:00,Milan
CP0642,PAM,Bio Pam Golden Apples Tradizionale,Bio Pam ,3.79,2026-02-15T00:00:00,Milan
CP0643,PAM,Pink Lady Apples Tradizionale confezione 1kg,Bio Pam,0.0,2026-03-20T19:56:00,Milan
CP0644,PAM,PAM Bananas Tradizionale,PAM,3.37,2026-04-25T00:00:00,Milan
CP0645,PAM,Potatoes Tradizionale confezione 2kg,Bio Pam,3.12,2026-01-25T00:00:00,Milan
CP0646,PAM,Chicken Breast Tradizionale confezione 600g,Arkalia,7.55,2026-04-20T04:51:00,Milan
CP0647,PAM, Chicken Thighs Tradizionale confezione 375g,Semplici e Buoni,4.44,2026-03-28T00:00:00,Milan
CP0648,PAM,Arkalia Minced Beef Tradizionale,Arkalia,8.56,2026-01-21T00:00:00,Milan
CP0649,PAM,Mulino Bianco Beef Steak Tradizionale,Mulino Bianco,7.23,2026-03-04T00:00:00,Milan
CP0650,PAM, Lavazza Prosciutto Cotto Tradizionale ,Lavazza,7.6,2026-02-24T00:00:00,Milan
CP0651,pam,Salame Milano Tradizionale,Bio Pam ,8.31,2026-04-25T01:21:00,Milan
CP0652,PAM,Pam Panorama Spaghetti Tradizionale,Pam Panorama,2.03,2026-01-14T00:00:00,Milan
CP0653,PAM,Penne Rigate Tradizionale,Arkalia,3.42,2026-04-19T00:00:00,Milan
CP0654,PAM,Fusilli Tradizionale confezione 375g,Semplici e Buoni,2.03,2026-02-23T16:08:00,Milan
CP0655,PAM,PAM Carnaroli Rice Tradizionale,PAM,2.25,2026-02-28T17:09:00,Milan
CP0656,PAM,Basmati Rice Tradizionale confezione 1.25kg,PAM,1.95,2026-01-23T00:00:00,Milan
CP0657,PAM,Tomato Passata Tradizionale confezione 700ml,Arkalia,2.29,2026-01-14T00:00:00,Milan
CP0658,PAM,Zoa Pesto Genovese Tradizionale,Zoa,2.39,2026-03-29T18:55:00,Milan
CP0659,PAM,Extra Virgin Olive Oil Tradizionale confezione 1.25l,Semplici e Buoni,3.16,2026-02-14T06:30:00,Milan
CP0660,PAM,Sunflower Oil Tradizionale,Pam Panorama,4.08,2026-02-27T00:00:00,Milan
CP0661,PAM,All Purpose Flour Tradizionale,BIO PAM,3.26,2026-04-16T11:15:00,Milan
CP0662,PAM,00 Flour Tradizionale,Pam Panorama,2.08,2026-04-16T00:00:00,Milan
CP0663,PAM,Pam Panorama White Sugar Tradizionale,Pam Panorama,2.91,2026-04-13T00:00:00,Milan
CP0664,PAM,Semplici e Buoni Brown Sugar Tradizionale,Semplici e Buoni,4.49,2026-03-27T11:51:00,Milan
CP0665,PAM,Ground Coffee Tradizionale confezione 375g,Galbani,2.93,2026-01-26T09:23:00,Milan
CP0666,PAM,Zoa Coffee Beans Tradizionale,Zoa,3.44,2026-04-02T08:08:00,Milan
CP0667,PAM,Zoa Corn Flakes Tradizionale,Zoa,3.55,2026-01-25T00:00:00,Milan
CP0668,PAM,Zoa Muesli Tradizionale,Zoa,3.78,2026-01-08T00:00:00,Milan
CP0669,PAM,Margherita Pizza Tradizionale confezione 437.5g,Semplici e Buoni,5.35,2026-03-15T00:00:00,Milan
CP0670,PAM,AIA VEGETABLE PIZZA TRADIZIONALE,Aia,5.06,2026-02-05T00:00:00,Milan
CP0671,PAM,Bio Pam Frozen Peas Tradizionale,Bio Pam,5.23,2026-02-13T00:00:00,Milan
CP0672,PAM,Frozen Spinach Tradizionale,Pam Panorama,3.59,2026-03-31T13:55:00,Milan
CP0673,PAM,Arkalia Frozen Salmon Fillets Tradizionale,Arkalia,5.63,2026-04-18T00:00:00,Milan
CP0674,PAM,Fish Fingers Tradizionale confezione 375g,Arkalia,2.91,2026-02-13T01:41:00,Milan
CP0675,PAM,Mulino Bianco Still Water Tradizionale,Mulino Bianco,1.55,2026-04-11T12:20:00,Milan
CP0676,PAM,Sparkling Water Tradizionale confezione 2.25l,Bio Pam,2.46,2026-04-06T12:11:00,Milan
CP0677,PAM,Orange Juice Tradizionale confezione 1.5l,Bio Pam,2.13,2026-03-23T01:25:00,Milan
CP0678,PAM,Apple Juice Tradizionale confezione 1l,Semplici e Buoni,2.05,2026-04-19T00:00:00,Milan
CP0679,PAM,Cola Tradizionale confezione 1.88l,Lavazza,1.47,2026-01-16T00:00:00,Milan
CP0680,PAM,Lemon Soda Tradizionale confezione 1.5l,PAM,1.88,2026-02-07T00:00:00,Milan
CP0681,PAM,Green Tea Tradizionale confezione 20pcs,Semplici e Buoni,2.1,2026-01-01T00:00:00,Milan
CP0682,PAM,Black Tea Tradizionale confezione 31.25pcs,Granarolo,2.44,2026-03-16T00:00:00,Milan
CP0683,PAM,Dish Soap Tradizionale confezione 937.5ml,Bio Pam,6.37,2026-04-09T07:53:00,Milan
CP0684,PAM,Zoa Laundry Detergent Tradizionale,Zoa,5.18,2026-03-18T00:00:00,Milan
CP0685,PAM,Toilet Paper Tradizionale,Parmalat,0.0,2026-01-09T00:00:00,Milan
CP0686,PAM,Kitchen Towels Tradizionale confezione 4pcs,Bio Pam,3.97,2026-04-22T00:00:00,Milan
CP0687,PAM,Semplici e Buoni Multi Surface Cleaner Tradizionale,Semplici e Buoni,5.33,2026-01-07T00:00:00,Milan
CP0688,PAM,Bleach Tradizionale confezione 2l,Pam Panorama,6.25,2026-04-13T00:00:00,Milan
CP0689,PAM,Galbani Shampoo Tradizionale,Galbani,3.12,2026-04-01T00:00:00,Milan
CP0690,PAM,PAM Conditioner Tradizionale,PAM,4.49,2026-02-03T00:00:00,Milan
CP0691,PAM,Hand Soap Tradizionale confezione 450ml,Pam Panorama,4.78,2026-04-10T00:00:00,Milan
CP0692,PAM,Bio Pam Body Wash Tradizionale,Bio Pam,3.1,2026-04-23T00:00:00,Milan
CP0693,PAM,Mutti Toothpaste Tradizionale,Mutti,2.94,2026-04-08T00:00:00,Milan
CP0694,PAM,Mozzarella Deluxe, PAM ,1.86,2026-01-04T18:33:00,Milan
CP0695,PAM,Mozzarella di Bufala Deluxe,Bio Pam,2.09,2026-03-18T00:00:00,Milan
CP0696,PAM,Barilla Fior di latte mozzarella Deluxe,barilla,1.71,2026-01-01T00:00:00,Milan
CP0697,PAM,Greek Yogurt Deluxe,Granarolo,3.04,2026-01-27T00:00:00,Milan
CP0698,PAM,Strawberry Yogurt Deluxe,Semplici e Buoni,3.33,2026-04-01T00:00:00,Milan
CP0699,PAM,Plain Yogurt Deluxe,Semplici e Buoni,1.66,2026-01-19T00:00:00,Milan
CP0700,PAM,Whole Milk Deluxe,Rio Mare,2.9,2026-04-09T12:30:00,Milan
CP0701,PAM, Semi-skimmed Milk Deluxe confezione 1.25l,Galbani,1.97,2026-03-31T13:29:00,Milan
CP0702,PAM,Lactose Free Milk Deluxe confezione 1l,Zoa,1.46,2026-01-14T00:00:00,Milan
CP0703,PAM,PAM Unsalted Butter Deluxe,PAM,1.36,2026-04-21T00:00:00,Milan
CP0704,PAM,Arkalia Salted Butter Deluxe,Arkalia,3.2,2026-01-05T00:00:00,Milan
CP0705,PAM,Zoa Parmigiano Reggiano Deluxe,Zoa,1.8,2026-03-11T10:12:00,Milan
CP0706,PAM,Zoa Gorgonzola Deluxe, Zoa ,1.98,2026-02-25T00:00:00,Milan
CP0707,PAM,Zoa Ricotta Deluxe,Zoa,2.54,2026-04-29T08:54:00,Milan
CP0708,PAM, Zoa Whole Wheat Bread Deluxe,Zoa,3.14,2026-03-03T00:00:00,Milan
CP0709,PAM,Ciabatta Deluxe confezione 300g,Bio Pam,2.34,2026-02-12T00:00:00,Milan
CP0710,PAM,Zoa Sandwich Bread Deluxe,Zoa,0.0,2026-03-06T00:00:00,Milan
CP0711,PAM,Butter Croissant Deluxe,Arkalia,2.8,2026-05-01T00:00:00,Milan
CP0712,PAM,Zoa Chocolate Croissant Deluxe,Zoa,1.72,2026-04-24T23:30:00,Milan
CP0713,PAM,Chocolate Chip Cookies Deluxe confezione 375g,Semplici e Buoni,3.29,2026-04-26T00:00:00,Milan
CP0714,PAM,Zoa Digestive Biscuits Deluxe ,Zoa,2.69,2026-01-31T01:17:00,Milan
CP0715,PAM,Bio Pam Cherry Tomatoes Deluxe,Bio Pam,2.32,2026-02-20T00:00:00,Milan
CP0716,PAM,Zoa Round Tomatoes Deluxe,Zoa,1.73,2026-04-07T00:00:00,Milan
CP0717,PAM,Iceberg Lettuce Deluxe,Arkalia,2.38,2026-01-09T00:00:00,Milan
CP0718,PAM,Arkalia Rocket Salad Deluxe,Arkalia,3.59,2026-02-22T07:16:00,Milan
CP0719,PAM,Golden Apples Deluxe confezione 0.75kg,rio mare,2.52,2026-02-02T13:56:00,Milan
CP0720,PAM,Bio Pam Pink Lady Apples Deluxe,Bio Pam,2.8,2026-03-02T20:55:00,Milan
CP0721,PAM,Bananas Deluxe,Zoa,2.1,2026-03-01T00:00:00,Milan
CP0722,PAM,Semplici e Buoni Potatoes Deluxe,Semplici e Buoni,2.8,2026-01-04T00:00:00,Milan
CP0723,PAM,CHICKEN BREAST DELUXE,Zoa,6.12,2026-01-17T04:32:00,Milan
CP0724,PAM,Chicken Thighs Deluxe confezione 375g,Ferrero,4.26,2026-04-20T00:00:00,Milan
CP0725,PAM,Minced Beef Deluxe confezione 400g,Mulino Bianco,4.71,2026-04-03T00:00:00,Milan
CP0726,PAM,Bio Pam Beef Steak Deluxe,Bio Pam,7.8,2026-04-06T06:47:00,Milan
CP0727,PAM,Prosciutto Cotto Deluxe,PAM,4.11,2026-02-13T00:00:00,Milan
CP0728,PAM,Pam Panorama Salame Milano Deluxe,Pam Panorama,4.59,2026-01-07T19:53:00,Milan
CP0729,PAM,Spaghetti Deluxe confezione 500g,Arkalia,2.64,2026-01-17T14:04:00,Milan
CP0730,PAM,Penne Rigate Deluxe confezione 500g,Pam Panorama,3.45,2026-02-17T03:02:00,Milan
CP0731,PAM,Fusilli Deluxe confezione 500g,Parmalat,3.47,2026-04-29T10:30:00,Milan
CP0732,PAM, Carnaroli Rice Deluxe confezione 1.25kg ,Zoa,4.52,2026-02-26T19:26:00,Milan
CP0733,PAM,Zoa Basmati Rice Deluxe,Zoa,2.21,2026-01-20T19:46:00,Milan
CP0734,PAM,Tomato Passata Deluxe,Semplici e Buoni,3.31,2026-01-19T19:57:00,Milan
CP0735,PAM,Arkalia Pesto Genovese Deluxe,ARKALIA,3.15,2026-03-28T17:46:00,Milan
CP0736,PAM,Extra Virgin Olive Oil Deluxe,Zoa,3.07,2026-04-12T08:49:00,Milan
CP0737,PAM,Sunflower Oil Deluxe confezione 1l,Mutti,4.67,2026-01-03T06:29:00,Milan
CP0738,PAM,all purpose flour deluxe confezione 1kg,Barilla,4.17,2026-02-04T11:25:00,Milan
CP0739,PAM,00 Flour Deluxe,Lavazza,2.53,2026-02-07T14:28:00,Milan
CP0740,PAM,PAM White Sugar Deluxe,PAM,3.4,2026-04-22T13:24:00,Milan
CP0741,PAM,Brown Sugar Deluxe,Lavazza,2.81,2026-02-27T00:00:00,Milan
CP0742,PAM,Semplici e Buoni Ground Coffee Deluxe,SEMPLICI E BUONI,2.52,2026-03-08T21:33:00,Milan
CP0743,PAM,Parmalat Coffee Beans Deluxe,Parmalat,2.58,2026-01-13T00:00:00,Milan
CP0744,PAM,Pam Panorama Corn Flakes Deluxe,Pam Panorama,3.81,2026-01-06T00:00:00,Milan
CP0745,PAM,PAM Muesli Deluxe,PAM,2.81,2026-01-03T13:22:00,Milan
CP0746,PAM,Margherita Pizza Deluxe, Pam Panorama ,3.86,2026-03-07T00:00:00,Milan
CP0747,PAM,Zoa Vegetable Pizza Deluxe,Zoa,5.63,2026-03-12T00:00:00,Milan
CP0748,PAM,Pam Panorama Frozen Peas Deluxe,Pam Panorama,2.32,2026-03-25T00:00:00,Milan
CP0749,PAM,De Cecco Frozen Spinach Deluxe,De Cecco,3.99,2026-04-13T00:00:00,Milan
CP0750,PAM,Parmalat Frozen Salmon Fillets Deluxe,Parmalat,3.07,2026-01-12T02:05:00,Milan
CP0751,PAM,Fish Fingers Deluxe confezione 375g,Aia,4.85,2026-03-24T00:00:00,Milan
CP0752,PAM,Bio Pam Still Water Deluxe,Bio Pam,1.73,2026-03-18T00:00:00,Milan
CP0753,PAM,PAM Sparkling Water Deluxe,PAM,2.5,2026-03-19T00:00:00,Milan
CP0754,PAM,Orange Juice Deluxe confezione 1.5l,Pam Panorama,1.44,2026-03-06T21:17:00,Milan
CP0755,PAM,Bio Pam Apple Juice Deluxe,Bio Pam,1.78,2026-04-26T00:00:00,Milan
CP0756,PAM,Cola Deluxe,Mutti,2.1,2026-02-17T00:00:00,Milan
CP0757,PAM,Lemon Soda Deluxe,Pam Panorama,1.88,2026-01-03T00:00:00,Milan
CP0758,PAM,Galbani Green Tea Deluxe,Galbani,1.96,2026-01-27T01:10:00,Milan
CP0759,PAM, Arkalia Black Tea Deluxe,Arkalia,2.25,2026-04-12T05:51:00,Milan
CP0760,PAM,PAM Dish Soap Deluxe,PAM,4.56,2026-04-06T00:00:00,Milan
CP0761,PAM,laundry detergent deluxe confezione 1.12l,Arkalia,6.41,2026-01-21T13:00:00,Milan
CP0762,PAM,Galbani Toilet Paper Deluxe,Galbani,4.6,2026-02-26T00:00:00,Milan
CP0763,PAM,Kitchen Towels Deluxe confezione 6pcs,Zoa,0.0,2026-01-31T00:00:00,Milan
CP0764,PAM,Multi Surface Cleaner Deluxe,Galbani,6.81,2026-01-07T00:00:00,Milan
CP0765,PAM,Semplici e Buoni Bleach Deluxe,Semplici e Buoni,4.7,2026-01-19T09:40:00,Milan
CP0766,PAM,Shampoo Deluxe confezione 187.5ml,Granarolo,4.69,2026-04-03T00:00:00,Milan
CP0767,PAM,Conditioner Deluxe confezione 375ml,Arkalia,4.13,2026-04-06T00:00:00,Milan
CP0768,PAM,Hand Soap Deluxe confezione 300ml,Arkalia,3.0,2026-03-20T23:07:00,Milan
CP0769,PAM,Body Wash Deluxe,Pam Panorama,2.87,2026-03-07T01:12:00,Milan
CP0770,PAM,Toothpaste Deluxe confezione 93.75ml,Pam Panorama,5.06,2026-02-23T00:00:00,Milan
CP0771,PAM,Mozzarella Classic confezione 156.25g,Zoa,2.18,2026-03-03T12:47:00,Milan
CP0772,PAM,Granarolo Mozzarella di Bufala Classic, Granarolo ,1.73,2026-04-14T00:00:00,Milan
CP0773,PAM,PAM Fior di latte mozzarella Classic,PAM,2.69,2026-01-01T00:00:00,Milan
CP0774,PAM,Greek Yogurt Classic confezione 170g,SEMPLICI E BUONI,3.32,2026-02-07T15:42:00,Milan
CP0775,PAM,STRAWBERRY YOGURT CLASSIC,Zoa,2.81,2026-03-24T16:15:00,Milan
CP0776,PAM,PLAIN YOGURT CLASSIC,Parmalat,2.65,2026-04-22T21:01:00,Milan
CP0777,PAM,Whole Milk Classic confezione 1.25l,Bio Pam,3.07,2026-01-12T09:03:00,Milan
CP0778,PAM,Semi-skimmed Milk Classic confezione 1l,Bio Pam,1.54,2026-02-26T00:00:00,Milan
CP0779,PAM,Semplici e Buoni Lactose Free Milk Classic,Semplici e Buoni,1.9,2026-02-14T00:00:00,Milan
CP0780,PAM,Pam Panorama Unsalted Butter Classic, Pam Panorama ,1.5,2026-03-24T00:00:00,Milan
CP0781,PAM,Arkalia Salted Butter Classic,Arkalia ,2.4,2026-02-25T05:15:00,Milan
CP0782,PAM,Parmigiano Reggiano Classic confezione 300g,Pam Panorama,2.5,2026-03-10T03:28:00,Milan
CP0783,PAM, Gorgonzola Classic confezione 187.5g,Aia,2.16,2026-01-28T00:00:00,Milan
CP0784,PAM,Ferrero Ricotta Classic,Ferrero,2.04,2026-01-08T00:00:00,Milan
CP0785,PAM,Semplici e Buoni Whole Wheat Bread Classic,Semplici e Buoni,2.47,2026-02-06T02:44:00,Milan
CP0786,PAM,Ciabatta Classic confezione 450g,PAM,2.78,2026-04-19T00:40:00,Milan
CP0787,PAM,Semplici e Buoni Sandwich Bread Classic,Semplici e Buoni,2.01,2026-02-05T16:19:00,Milan
CP0788,PAM,PAM Butter Croissant Classic,PAM,1.56,2026-01-07T00:00:00,Milan
CP0789,PAM,Zoa Chocolate Croissant Classic,Zoa,1.67,2026-02-03T19:42:00,Milan
CP0790,PAM,Chocolate Chip Cookies Classic confezione 225g,Granarolo,2.76,2026-01-26T00:00:00,Milan
CP0791,PAM,Bio Pam Digestive Biscuits Classic,Bio Pam,2.41,2026-01-23T00:00:00,Milan
CP0792,PAM,Cherry Tomatoes Classic,Bio Pam,2.1,2026-02-14T00:00:00,Milan
CP0793,PAM,Round Tomatoes Classic ,Bio Pam,3.75,2026-04-18T01:31:00,Milan
CP0794,PAM,Galbani Iceberg Lettuce Classic,Galbani,2.28,2026-04-20T14:45:00,Milan
CP0795,PAM,PAM Rocket Salad Classic,PAM,3.41,2026-02-12T00:00:00,Milan
CP0796,PAM,Zoa Golden Apples Classic,Zoa,2.12,2026-01-06T00:56:00,Milan
CP0797,PAM,PAM Pink Lady Apples Classic,PAM,2.1,2026-02-04T04:46:00,Milan
CP0798,PAM,Bananas Classic,Pam Panorama,3.92,2026-03-20T00:00:00,Milan
CP0799,PAM,Potatoes Classic,PAM,1.99,2026-04-27T00:00:00,Milan
CP0800,PAM,Mulino Bianco Chicken Breast Classic, Mulino Bianco,4.27,2026-02-17T17:02:00,Milan
CP0801,PAM,Semplici e Buoni Chicken Thighs Classic,Semplici e Buoni,5.29,2026-02-21T00:00:00,Milan
CP0802,PAM,Semplici e Buoni Minced Beef Classic, Semplici e Buoni ,3.81,2026-03-17T00:00:00,Milan
CP0803,PAM,Beef Steak Classic, Aia,7.84,2026-03-15T00:00:00,Milan
CP0804,PAM,Prosciutto Cotto Classic confezione 120g,Semplici e Buoni,4.68,2026-02-22T19:25:00,Milan
CP0805,PAM,Salame Milano Classic,Bio Pam,6.21,2026-05-01T13:04:00,Milan
CP0806,PAM,Spaghetti Classic confezione 500g,Arkalia,4.18,2026-03-09T00:00:00,Milan
CP0807,PAM,Pam Panorama Penne Rigate Classic,Pam Panorama,2.66,2026-01-25T18:15:00,Milan
CP0808,PAM,Lavazza Fusilli Classic,Lavazza,2.59,2026-04-23T16:47:00,Milan
CP0809,PAM,Bio Pam Carnaroli Rice Classic,Bio Pam,3.91,2026-03-11T00:00:00,Milan
CP0810,PAM,Arkalia Basmati Rice Classic,Arkalia,3.18,2026-01-10T00:00:00,Milan
CP0811,PAM, Bio Pam Tomato Passata Classic,Bio Pam,2.56,2026-01-14T00:00:00,Milan
CP0812,PAM,Pesto Genovese Classic confezione 142.5g,Arkalia,3.72,2026-01-21T00:00:00,Milan
CP0813,PAM,Semplici e Buoni Extra Virgin Olive Oil Classic,Semplici e Buoni,3.91,2026-02-01T00:00:00,Milan
CP0814,PAM,Sunflower Oil Classic,Mulino Bianco,1.93,2026-02-23T00:00:00,Milan
CP0815,PAM,Semplici e Buoni All Purpose Flour Classic,Semplici e Buoni,4.65,2026-01-02T00:00:00,Milan
CP0816,PAM,00 Flour Classic confezione 1kg, PAM,1.9,2026-02-26T00:26:00,Milan
CP0817,PAM,White Sugar Classic,PAM,4.53,2026-03-05T00:00:00,Milan
CP0818,PAM,Zoa Brown Sugar Classic,Zoa,4.72,2026-01-05T00:00:00,Milan
CP0819,PAM,ground coffee classic, Ferrero ,2.46,2026-01-01T12:25:00,Milan
CP0820,PAM,PAM Coffee Beans Classic,PAM,2.63,2026-02-01T11:49:00,Milan
CP0821,PAM,Bio Pam Corn Flakes Classic,Bio Pam,4.55,2026-04-11T00:00:00,Milan
CP0822,PAM,Ferrero Muesli Classic,FERRERO,3.95,2026-04-23T11:25:00,Milan
CP0823,PAM,Margherita Pizza Classic confezione 437.5g,PAM,3.0,2026-04-18T00:00:00,Milan
CP0824,PAM,Vegetable Pizza Classic confezione 285g ,Pam Panorama,4.29,2026-02-03T00:00:00,Milan
CP0825,PAM,Zoa Frozen Peas Classic,Zoa,5.12,2026-04-19T00:00:00,Milan
CP0826,PAM,Semplici e Buoni Frozen Spinach Classic,Semplici e Buoni,4.84,2026-03-19T09:08:00,Milan
CP0827,PAM,Arkalia Frozen Salmon Fillets Classic,Arkalia,4.51,2026-01-31T11:49:00,Milan
CP0828,PAM,Fish Fingers Classic,Zoa,3.15,2026-04-26T12:02:00,Milan
CP0829,PAM, Still Water Classic confezione 1.5l,Arkalia,1.5,2026-04-18T00:00:00,Milan
CP0830,PAM,Zoa Sparkling Water Classic,Zoa,1.06,2026-03-07T04:12:00,Milan
CP0831,PAM,Barilla Orange Juice Classic,Barilla,2.21,2026-04-24T00:00:00,Milan
CP0832,PAM,Semplici e Buoni Apple Juice Classic,Semplici e Buoni,1.4,2026-01-27T00:00:00,Milan
CP0833,PAM,cola classic,Bio Pam,1.71,2026-02-23T00:00:00,Milan
CP0834,PAM,Lemon Soda Classic confezione 2.25l,Pam Panorama,1.45,2026-02-14T00:00:00,Milan
CP0835,PAM,Green Tea Classic,Zoa,1.74,2026-03-21T10:36:00,Milan
CP0836,PAM,Black Tea Classic confezione 25pcs,Semplici e Buoni,1.02,2026-03-26T00:00:00,Milan
CP0837,PAM,Bio Pam Dish Soap Classic,Bio Pam,3.59,2026-02-17T00:00:00,Milan
CP0838,PAM,Laundry Detergent Classic,Zoa,3.14,2026-04-18T00:00:00,Milan
CP0839,PAM,Bio Pam Toilet Paper Classic,Bio Pam,6.27,2026-04-21T00:00:00,Milan
CP0840,PAM,Galbani Kitchen Towels Classic,Galbani,4.72,2026-04-09T09:38:00,Milan
CP0841,PAM,Multi Surface Cleaner Classic confezione 937.5ml,PAM,3.8,2026-02-17T00:00:00,Milan
CP0842,PAM,Bio Pam Bleach Classic,Bio Pam,6.92,2026-03-03T13:30:00,Milan
CP0843,PAM,Shampoo Classic,Bio Pam,4.4,2026-04-27T00:00:00,Milan
CP0844,PAM,Conditioner Classic,Parmalat,5.22,2026-02-10T00:00:00,Milan
CP0845,PAM,Hand Soap Classic confezione 300ml,Arkalia,3.43,2026-03-31T20:33:00,Milan
CP0846,PAM,Rio Mare Body Wash Classic,Rio Mare,4.76,2026-03-02T02:59:00,Milan
CP0847,PAM,Toothpaste Classic confezione 75ml,Arkalia,5.76,2026-02-24T15:53:00,Milan
CP0848,PAM,Ferrero Mozzarella Premium,Ferrero,1.88,2026-04-20T00:00:00,Milan
CP0849,PAM,Mozzarella di Bufala Premium,PAM,1.32,2026-01-20T00:00:00,Milan
CP0850,PAM,Fior di latte mozzarella Premium,Semplici e Buoni,2.72,2026-04-19T04:57:00,Milan
CP0851,PAM,Greek Yogurt Premium confezione 170g,Zoa,1.99,2026-02-21T00:00:00,Milan
CP0852,PAM,Strawberry Yogurt Premium confezione 2pcs,Bio Pam ,2.66,2026-01-13T00:00:00,Milan
CP0853,PAM,Zoa Plain Yogurt Premium,Zoa,2.25,2026-03-26T02:17:00,Milan
CP0854,PAM,Whole Milk Premium,PAM,2.7,2026-03-11T03:13:00,Milan
CP0855,PAM,Semi-skimmed Milk Premium confezione 1l,De Cecco,1.48,2026-02-28T21:19:00,Milan
CP0856,PAM,Zoa Lactose Free Milk Premium,Zoa,2.21,2026-01-24T00:00:00,Milan
CP0857,PAM,BIO PAM UNSALTED BUTTER PREMIUM,Bio Pam,1.6,2026-04-19T00:00:00,Milan
CP0858,PAM,Salted Butter Premium,Arkalia,1.39,2026-02-28T22:46:00,Milan
CP0859,PAM,Parmigiano Reggiano Premium confezione 200g,PAM,1.34,2026-03-06T00:00:00,Milan
CP0860,PAM,Gorgonzola Premium,Barilla,2.57,2026-04-12T00:00:00,Milan
CP0861,PAM,Ricotta Premium confezione 250g,Semplici e Buoni,1.82,2026-03-29T00:00:00,Milan
CP0862,PAM,Arkalia Whole Wheat Bread Premium,Arkalia,3.24,2026-02-16T00:00:00,Milan
CP0863,PAM,Bio Pam Ciabatta Premium,Bio Pam,2.08,2026-03-31T00:00:00,Milan
CP0864,PAM,Sandwich Bread Premium,PAM,2.24,2026-02-15T00:00:00,Milan
CP0865,PAM,Butter Croissant Premium confezione 6pcs,Semplici e Buoni,2.1,2026-03-27T19:28:00,Milan
CP0866,PAM,Pam Panorama Chocolate Croissant Premium,Pam Panorama,1.59,2026-01-06T08:21:00,Milan
CP0867,PAM,Zoa Chocolate Chip Cookies Premium,Zoa,2.15,2026-01-03T13:00:00,Milan
CP0868,PAM,Pam Panorama Digestive Biscuits Premium,pam panorama,2.57,2026-03-02T00:00:00,Milan
CP0869,PAM,Cherry Tomatoes Premium confezione 500g,Granarolo,2.23,2026-01-27T00:00:00,Milan
CP0870,PAM,Arkalia Round Tomatoes Premium,Arkalia,2.82,2026-01-19T00:00:00,Milan
CP0871,PAM,semplici e buoni iceberg lettuce premium,Semplici e Buoni,3.56,2026-01-11T14:47:00,Milan
CP0872,PAM, Bio Pam Rocket Salad Premium,Bio Pam,2.88,2026-03-31T00:00:00,Milan
CP0873,PAM,Golden Apples Premium confezione 1.5kg,Parmalat,2.36,2026-02-22T00:00:00,Milan
CP0874,PAM,Semplici e Buoni Pink Lady Apples Premium,Semplici e Buoni,1.74,2026-04-10T12:47:00,Milan
CP0875,PAM,PAM Bananas Premium,PAM,3.21,2026-02-10T00:00:00,Milan
CP0876,PAM,Pam Panorama Potatoes Premium,Pam Panorama,3.88,2026-01-30T00:00:00,Milan
CP0877,PAM,Chicken Breast Premium,Mutti,6.52,2026-01-29T00:00:00,Milan
CP0878,PAM,Bio Pam Chicken Thighs Premium,Bio Pam,5.9,2026-03-12T00:00:00,Milan
CP0879,PAM,PAM Minced Beef Premium,PAM,5.75,2026-04-20T00:00:00,Milan
CP0880,PAM,Beef Steak Premium confezione 300g,De Cecco,8.2,2026-04-05T00:00:00,Milan
CP0881,PAM,Prosciutto Cotto Premium,Pam Panorama,5.5,2026-03-12T00:00:00,Milan
CP0882,PAM,Salame Milano Premium confezione 125g,Galbani,6.65,2026-04-19T12:28:00,Milan
CP0883,PAM, Spaghetti Premium confezione 625g,Arkalia,4.06,2026-04-12T04:06:00,Milan
CP0884,PAM,Penne Rigate Premium,Arkalia,3.4,2026-04-16T00:00:00,Milan
CP0885,PAM,Semplici e Buoni Fusilli Premium,Semplici e Buoni,4.59,2026-03-31T00:00:00,Milan
CP0886,PAM,PAM Carnaroli Rice Premium,PAM,2.0,2026-04-12T13:49:00,Milan
CP0887,PAM,Basmati Rice Premium confezione 1kg,PAM,4.75,2026-01-09T00:00:00,Milan
CP0888,PAM,Tomato Passata Premium confezione 875ml,FERRERO,2.04,2026-02-07T00:00:00,Milan
CP0889,PAM, Pesto Genovese Premium ,Zoa,3.44,2026-02-16T16:37:00,Milan
CP0890,PAM,extra virgin olive oil premium,Mulino Bianco,2.71,2026-03-30T01:05:00,Milan
CP0891,PAM,Sunflower Oil Premium,Bio Pam,4.71,2026-03-05T00:00:00,Milan
CP0892,PAM,Parmalat All Purpose Flour Premium,Parmalat,4.17,2026-03-25T00:00:00,Milan
CP0893,PAM,Zoa 00 Flour Premium,Zoa,1.9,2026-04-15T00:00:00,Milan
CP0894,PAM,Ferrero White Sugar Premium,Ferrero,3.43,2026-01-01T00:00:00,Milan
CP0895,PAM, Pam Panorama Brown Sugar Premium,Pam Panorama,4.06,2026-04-05T00:00:00,Milan
CP0896,PAM,Ground Coffee Premium,Parmalat,4.49,2026-01-03T03:49:00,Milan
CP0897,PAM,Coffee Beans Premium,PAM,3.1,2026-04-19T00:00:00,Milan
CP0898,PAM,Corn Flakes Premium,Bio Pam,4.03,2026-01-12T00:00:00,Milan
CP0899,PAM, Pam Panorama Muesli Premium ,Pam Panorama,3.32,2026-03-13T00:00:00,Milan
CP0900,PAM,Ferrero Margherita Pizza Premium,FERRERO,4.91,2026-03-16T00:00:00,Milan
CP0901,PAM,Pam Panorama Vegetable Pizza Premium, Pam Panorama ,5.08,2026-02-13T08:22:00,Milan
CP0902,PAM,Frozen Peas Premium,PAM,4.45,2026-04-08T00:00:00,Milan
CP0903,PAM,PAM Frozen Spinach Premium,PAM,4.37,2026-03-22T17:10:00,Milan
CP0904,PAM,Mutti Frozen Salmon Fillets Premium,Mutti,3.71,2026-01-23T23:05:00,Milan
CP0905,PAM,Ferrero Fish Fingers Premium,Ferrero,3.38,2026-03-16T00:00:00,Milan
CP0906,PAM,Still Water Premium ,Semplici e Buoni,2.1,2026-01-10T00:00:00,Milan
CP0907,PAM,Bio Pam Sparkling Water Premium,Bio Pam,1.32,2026-03-24T17:09:00,Milan
CP0908,PAM,Orange Juice Premium confezione 1l,Lavazza,1.09,2026-01-22T00:00:00,Milan
CP0909,PAM,PAM Apple Juice Premium,PAM,1.99,2026-01-19T00:00:00,Milan
CP0910,PAM,Bio Pam Cola Premium ,Bio Pam,2.59,2026-01-18T03:08:00,Milan
CP0911,PAM,ZOA LEMON SODA PREMIUM,Zoa,1.57,2026-02-12T00:00:00,Milan
CP0912,PAM,Rio Mare Green Tea Premium,Rio Mare,1.68,2026-01-19T12:09:00,Milan
CP0913,PAM, Black Tea Premium confezione 25pcs ,Pam Panorama,1.23,2026-03-16T00:00:00,Milan
CP0914,PAM,Dish Soap Premium,Zoa,0.0,2026-03-25T00:00:00,Milan
CP0915,PAM,Laundry Detergent Premium,Zoa,4.05,2026-01-24T00:00:00,Milan
CP0916,PAM,Semplici e Buoni Toilet Paper Premium,Semplici e Buoni,4.31,2026-04-14T00:00:00,Milan
CP0917,PAM,Kitchen Towels Premium,Pam Panorama,0.0,2026-01-31T00:00:00,Milan
CP0918,PAM,Arkalia Multi Surface Cleaner Premium,Arkalia,4.61,2026-02-23T16:41:00,Milan
CP0919,PAM,Bleach Premium confezione 1.5l,Zoa,5.49,2026-02-03T02:08:00,Milan
CP0920,PAM,Pam Panorama Shampoo Premium,Pam Panorama,4.42,2026-02-04T15:33:00,Milan
CP0921,PAM,Bio Pam Conditioner Premium,Bio Pam,3.34,2026-02-13T19:56:00,Milan
CP0922,PAM,PAM Hand Soap Premium,PAM,5.7,2026-03-16T05:27:00,Milan
CP0923,PAM,Zoa Body Wash Premium,Zoa,2.71,2026-04-08T00:00:00,Milan
CP0924,PAM, Pam Panorama Toothpaste Premium,Pam Panorama,6.32,2026-04-22T00:00:00,Milan
CP0925,PAM,Zoa Mozzarella Bio,Zoa,1.35,2026-02-27T00:00:00,Milan
CP0926,PAM,Mozzarella di Bufala Bio,Bio Pam,3.13,2026-03-02T00:00:00,Milan
CP0927,PAM,FIOR DI LATTE MOZZARELLA BIO,PAM,2.24,2026-01-14T00:02:00,Milan
CP0928,PAM,Greek Yogurt Bio,SEMPLICI E BUONI,2.87,2026-03-03T07:50:00,Milan
CP0929,PAM,Strawberry Yogurt Bio,Parmalat,2.5,2026-03-31T12:18:00,Milan
CP0930,PAM,Plain Yogurt Bio confezione 375g,Arkalia,0.0,2026-01-08T00:00:00,Milan
CP0931,PAM,PAM Whole Milk Bio,PAM,2.16,2026-03-27T00:00:00,Milan
CP0932,PAM,Arkalia Semi-skimmed Milk Bio,Arkalia,1.64,2026-02-21T00:00:00,Milan
CP0933,PAM,Lactose Free Milk Bio confezione 1.25l,Pam Panorama,3.32,2026-03-12T04:03:00,Milan
CP0934,PAM,Unsalted Butter Bio,PAM,3.28,2026-02-25T00:00:00,Milan
CP0935,PAM,PAM Salted Butter Bio,PAM,2.38,2026-04-02T00:00:00,Milan
CP0936,PAM,Parmigiano Reggiano Bio,Arkalia,1.77,2026-03-19T00:00:00,Milan
CP0937,PAM,Mulino Bianco Gorgonzola Bio,Mulino Bianco,1.77,2026-01-31T00:00:00,Milan
CP0938,PAM,Ferrero Ricotta Bio,Ferrero,1.53,2026-02-08T11:09:00,Milan
CP0939,PAM,Whole Wheat Bread Bio,arkalia,1.74,2026-01-21T00:00:00,Milan
CP0940,PAM,PAM Ciabatta Bio,PAM,1.97,2026-04-16T00:00:00,Milan
CP0941,PAM,Parmalat Sandwich Bread Bio,Parmalat,2.45,2026-02-15T00:00:00,Milan
CP0942,PAM,Butter Croissant Bio,Pam Panorama,2.05,2026-01-28T00:00:00,Milan
CP0943,PAM,Bio Pam Chocolate Croissant Bio,Bio Pam,3.21,2026-04-27T05:46:00,Milan
CP0944,PAM,PAM Chocolate Chip Cookies Bio,PAM,0.0,2026-03-30T19:23:00,Milan
CP0945,PAM,Zoa Digestive Biscuits Bio,Zoa ,2.97,2026-03-19T06:58:00,Milan
CP0946,PAM,Cherry Tomatoes Bio confezione 750g,Bio Pam,3.85,2026-03-05T00:00:00,Milan
CP0947,PAM,Zoa Round Tomatoes Bio,Zoa,3.3,2026-02-18T00:00:00,Milan
CP0948,PAM,Iceberg Lettuce Bio confezione 1.25pcs,Zoa,2.31,2026-04-19T01:46:00,Milan
CP0949,PAM,Rocket Salad Bio,Zoa,3.73,2026-03-31T00:00:00,Milan
CP0950,PAM,Golden Apples Bio confezione 1.5kg,Pam Panorama,3.51,2026-04-19T23:15:00,Milan
CP0951,PAM,PAM Pink Lady Apples Bio,PAM,3.59,2026-02-09T00:00:00,Milan
CP0952,PAM, Lavazza Bananas Bio ,Lavazza,2.39,2026-03-05T00:00:00,Milan
CP0953,PAM,Mutti Potatoes Bio,Mutti,3.72,2026-01-18T00:00:00,Milan
CP0954,PAM,Barilla Chicken Breast Bio,Barilla,8.41,2026-03-28T00:00:00,Milan
CP0955,PAM,Arkalia Chicken Thighs Bio,Arkalia,8.37,2026-01-17T01:17:00,Milan
CP0956,PAM,Semplici e Buoni Minced Beef Bio,Semplici e Buoni,6.03,2026-03-07T00:00:00,Milan
CP0957,PAM,PAM Beef Steak Bio,PAM,4.76,2026-02-13T00:00:00,Milan
CP0958,PAM,Bio Pam Prosciutto Cotto Bio, Bio Pam ,5.18,2026-02-17T16:15:00,Milan
CP0959,PAM,bio pam salame milano bio,Bio Pam,3.89,2026-03-10T00:00:00,Milan
CP0960,PAM,Zoa Spaghetti Bio,Zoa,4.17,2026-01-27T23:35:00,Milan
CP0961,PAM,Pam Panorama Penne Rigate Bio,Pam Panorama,4.13,2026-02-11T20:59:00,Milan
CP0962,PAM,Pam Panorama Fusilli Bio,Pam Panorama,3.69,2026-03-26T01:37:00,Milan
CP0963,PAM,Carnaroli Rice Bio,Semplici e Buoni,3.34,2026-01-17T00:00:00,Milan
CP0964,PAM,basmati rice bio,Arkalia,3.18,2026-03-26T00:00:00,Milan
CP0965,PAM,Tomato Passata Bio confezione 700ml,Arkalia,3.46,2026-02-14T00:00:00,Milan
CP0966,PAM,Pesto Genovese Bio,Arkalia,2.01,2026-04-08T00:00:00,Milan
CP0967,PAM,Aia Extra Virgin Olive Oil Bio,Aia,3.89,2026-04-07T17:22:00,Milan
CP0968,pam, Zoa Sunflower Oil Bio,Zoa,2.93,2026-04-13T17:36:00,Milan
CP0969,PAM,Pam Panorama All Purpose Flour Bio,Pam Panorama,3.12,2026-02-28T00:00:00,Milan
CP0970,PAM,00 Flour Bio,Zoa,2.26,2026-04-22T00:00:00,Milan
CP0971,PAM,White Sugar Bio,Pam Panorama,3.36,2026-04-05T18:24:00,Milan
CP0972,PAM,Brown Sugar Bio,Semplici e Buoni,2.13,2026-02-16T00:00:00,Milan
CP0973,PAM,Semplici e Buoni Ground Coffee Bio,Semplici e Buoni,3.38,2026-01-15T01:57:00,Milan
CP0974,PAM,PAM Coffee Beans Bio,PAM,4.4,2026-01-08T00:00:00,Milan
CP0975,PAM,Corn Flakes Bio confezione 468.75g,Arkalia,4.32,2026-04-08T00:00:00,Milan
CP0976,PAM, Muesli Bio ,Zoa,4.71,2026-01-09T00:00:00,Milan
CP0977,PAM,Margherita Pizza Bio,Zoa,3.05,2026-02-22T00:00:00,Milan
CP0978,PAM,PAM Vegetable Pizza Bio,PAM,5.77,2026-01-23T01:40:00,Milan
CP0979,PAM,Frozen Peas Bio,Zoa,3.24,2026-04-09T00:00:00,Milan
CP0980,PAM,Frozen Spinach Bio,Zoa,5.36,2026-01-30T00:00:00,Milan
CP0981,PAM,pam panorama frozen salmon fillets bio,Pam Panorama,4.6,2026-03-12T00:00:00,Milan
CP0982,PAM,De Cecco Fish Fingers Bio,De Cecco,4.9,2026-02-18T00:00:00,Milan
CP0983,PAM,Bio Pam Still Water Bio,Bio Pam,1.71,2026-04-03T00:00:00,Milan
CP0984,PAM,PAM Sparkling Water Bio,PAM,1.31,2026-03-20T00:00:00,Milan
CP0985,PAM,PAM Orange Juice Bio,PAM,0.0,2026-04-20T00:00:00,Milan
CP0986,PAM,Galbani Apple Juice Bio,Galbani,2.16,2026-01-19T00:00:00,Milan
CP0987,PAM,Arkalia Cola Bio,Arkalia,2.01,2026-02-13T20:05:00,Milan
CP0988,PAM,Lemon Soda Bio confezione 1.5l,PAM,1.78,2026-02-19T06:44:00,Milan
CP0989,PAM,Green Tea Bio confezione 25pcs,Parmalat,1.53,2026-01-07T00:00:00,Milan
CP0990,PAM,Black Tea Bio confezione 37.5pcs,PAM,1.08,2026-02-17T00:00:00,Milan
CP0991,PAM,Dish Soap Bio,Mulino Bianco,6.05,2026-03-24T00:00:00,Milan
CP0992,PAM,Laundry Detergent Bio confezione 1.5l,PAM,6.06,2026-03-05T08:51:00,Milan
CP0993,PAM,Zoa Toilet Paper Bio,Zoa,4.36,2026-02-19T14:06:00,Milan
CP0994,PAM,Pam Panorama Kitchen Towels Bio,Pam Panorama,5.1,2026-04-19T00:00:00,Milan
CP0995,PAM,Multi Surface Cleaner Bio,Zoa,4.86,2026-04-11T13:42:00,Milan
CP0996,PAM,Bleach Bio confezione 2.5l,Rio Mare,3.86,2026-03-06T00:50:00,Milan
CP0997,PAM, De Cecco Shampoo Bio ,De Cecco,3.41,2026-01-30T00:00:00,Milan
CP0998,PAM,Bio Pam Conditioner Bio,Bio Pam,3.31,2026-01-18T06:18:00,Milan
CP0999,PAM,Hand Soap Bio,Lavazza ,2.75,2026-04-22T00:00:00,Milan
CP1000,PAM,Body Wash Bio,PAM,3.59,2026-04-04T06:15:00,Milan
