id,name,brand
CP0001,Mozzarella - Chef Select,Chef Select
CP0002,Mozzarella di Bufala 125g,Bellarom
CP0003,Fior di latte mozzarella - Cien,Cien
CP0004,Greek Yogurt 170g,Bellarom
CP0005,Strawberry Yogurt - W5,W5
CP0006,Plain Yogurt 500g,Italiamo
CP0007,Whole Milk 1l,Freshona
CP0008,Semi-skimmed Milk,Sondey
CP0009,Sondey Lactose Free Milk,Sondey
CP0010,Bellarom Unsalted Butter,Bellarom
CP0011,Salted Butter,Bellarom
CP0012,Parmigiano Reggiano,Italiamo
CP0013,Gorgonzola,Barilla 
CP0014,Ricotta 250g,Parmalat
CP0015,Whole Wheat Bread 500g,Italiamo
CP0016,Ciabatta - Cien,Cien
CP0017,Sandwich Bread,Freshona
CP0018,Butter Croissant,Cien
CP0019,Chocolate Croissant,W5
CP0020,Chocolate Chip Cookies - Lavazza,Lavazza
CP0021,Digestive Biscuits,W5
CP0022, Sondey Cherry Tomatoes,Sondey
CP0023,Round Tomatoes 1kg,Sondey
CP0024,Iceberg Lettuce,Bellarom
CP0025,Rocket Salad - Cien,Cien
CP0026,Golden Apples,Ferrero
CP0027,Pink Lady Apples,Milbona
CP0028,Bananas - Milbona,Milbona
CP0029,Potatoes,Mulino Bianco
CP0030,chicken breast,Chef Select
CP0031,Chicken Thighs 500g,Chef Select
CP0032,Minced Beef - Sondey,Sondey
CP0033,Beef Steak,De Cecco
CP0034,Prosciutto Cotto - Milbona,Milbona
CP0035,Salame Milano,Italiamo
CP0036,Spaghetti - Barilla,BARILLA
CP0037,Chef Select Penne Rigate,Chef Select
CP0038,Fusilli - Combino,COMBINO
CP0039,Combino Carnaroli Rice,Combino
CP0040,Basmati Rice - De Cecco,De Cecco
CP0041,Tomato Passata - Freshona,Freshona
CP0042,Pesto Genovese 190g,Combino
CP0043,Extra Virgin Olive Oil,Freshona
CP0044,Italiamo Sunflower Oil,Italiamo
CP0045,All Purpose Flour - Chef Select,Chef Select
CP0046,00 Flour,Combino
CP0047,Cien White Sugar,Cien
CP0048,Brown Sugar 1kg,Bellarom 
CP0049,Ground Coffee,Granarolo
CP0050,Coffee Beans - Parmalat,Parmalat
CP0051,Corn Flakes,Chef Select
CP0052,Milbona Muesli,Milbona
CP0053,Bellarom Margherita Pizza,Bellarom
CP0054,Vegetable Pizza - W5,W5
CP0055,Frozen Peas 450g,Combino
CP0056,Frozen Spinach,Italiamo
CP0057,Frozen Salmon Fillets 400g,Cien
CP0058,Fish Fingers,Combino
CP0059,Still Water,De Cecco
CP0060,Sparkling Water - Freshona,Freshona
CP0061,Orange Juice 1l,Mutti
CP0062,Apple Juice - Freshona,Freshona
CP0063,Combino Cola,Combino
CP0064,Lemon Soda - Sondey,Sondey
CP0065,W5 Green Tea,W5
CP0066,Barilla Black Tea,Barilla
CP0067, Cien Dish Soap,Cien
CP0068,Laundry Detergent 1.5l,Cien
CP0069,Toilet Paper - Cien,CIEN
CP0070,Kitchen Towels 4pcs,W5
CP0071,Multi Surface Cleaner,Combino
CP0072,Bleach 2l,Combino
CP0073,Shampoo,W5
CP0074,Combino Conditioner,Combino
CP0075,Milbona Hand Soap,Milbona
CP0076,Galbani Body Wash,Galbani
CP0077,Toothpaste,Sondey
CP0078,Mozzarella Premium,Italiamo
CP0079,Mozzarella di Bufala Premium 93.75g,Sondey
CP0080,Chef Select Fior di latte mozzarella Premium,Chef Select
CP0081,Greek Yogurt Premium - Italiamo,Italiamo
CP0082,Strawberry Yogurt Premium - Italiamo,Italiamo
CP0083,Chef Select Plain Yogurt Premium, Chef Select
CP0084,Whole Milk Premium,Freshona
CP0085,Semi-skimmed Milk Premium,Granarolo
CP0086,LACTOSE FREE MILK PREMIUM,Mulino Bianco
CP0087,Unsalted Butter Premium,Sondey
CP0088, Salted Butter Premium 312.5g ,Combino
CP0089,Parmigiano Reggiano Premium,Ferrero
CP0090,Gorgonzola Premium - Rio Mare,Rio Mare
CP0091,Ricotta Premium - Combino, Combino 
CP0092,WHOLE WHEAT BREAD PREMIUM 500G,W5
CP0093,Ciabatta Premium,W5
CP0094,Granarolo Sandwich Bread Premium,Granarolo
CP0095,W5 Butter Croissant Premium,W5
CP0096,Freshona Chocolate Croissant Premium,Freshona
CP0097,Chocolate Chip Cookies Premium 450g,Sondey
CP0098,Digestive Biscuits Premium,Chef Select
CP0099,Cherry Tomatoes Premium,Mutti
CP0100,Round Tomatoes Premium - Sondey,Sondey
CP0101,Iceberg Lettuce Premium - Aia,Aia
CP0102,ROCKET SALAD PREMIUM - GRANAROLO,Granarolo
CP0103,Sondey Golden Apples Premium,Sondey
CP0104,Pink Lady Apples Premium,Sondey
CP0105,Bananas Premium,W5
CP0106,Potatoes Premium,Rio Mare
CP0107,Chicken Breast Premium,W5
CP0108,Rio Mare Chicken Thighs Premium,Rio Mare
CP0109,Minced Beef Premium,Combino
CP0110,Beef Steak Premium,Freshona
CP0111,Prosciutto Cotto Premium - Combino,Combino
CP0112,Bellarom Salame Milano Premium ,Bellarom
CP0113,Spaghetti Premium 375g,Milbona
CP0114,Penne Rigate Premium - Milbona,Milbona
CP0115,Granarolo Fusilli Premium,Granarolo
CP0116,Chef Select Carnaroli Rice Premium,Chef Select
CP0117,Basmati Rice Premium,Combino
CP0118,Tomato Passata Premium - Sondey,Sondey
CP0119,PESTO GENOVESE PREMIUM,Milbona
CP0120,Extra Virgin Olive Oil Premium - Rio Mare,Rio Mare
CP0121,Sunflower Oil Premium - Chef Select,Chef Select
CP0122,All Purpose Flour Premium - Cien,Cien
CP0123, Aia 00 Flour Premium,Aia
CP0124,White Sugar Premium - Rio Mare,Rio Mare
CP0125,Parmalat Brown Sugar Premium ,Parmalat
CP0126,Ground Coffee Premium 187.5g,Cien
CP0127,Coffee Beans Premium - Chef Select,Chef Select
CP0128,Corn Flakes Premium,W5
CP0129,Muesli Premium - Aia,Aia
CP0130,Margherita Pizza Premium,Sondey
CP0131,Italiamo Vegetable Pizza Premium,italiamo
CP0132,Frozen Peas Premium,Freshona
CP0133,Frozen Spinach Premium 337.5g,Cien
CP0134,Frozen Salmon Fillets Premium - Bellarom,BELLAROM
CP0135,Fish Fingers Premium - Combino,Combino
CP0136,Still Water Premium,De Cecco
CP0137,Sparkling Water Premium 1.12l,Barilla
CP0138,Orange Juice Premium - Chef Select,Chef Select
CP0139,Apple Juice Premium - Italiamo,Italiamo
CP0140,Italiamo Cola Premium,Italiamo
CP0141,Lemon Soda Premium 1.5l,W5
CP0142, Green Tea Premium,Lavazza
CP0143,Black Tea Premium,Italiamo
CP0144,Dish Soap Premium - Parmalat,Parmalat
CP0145,Laundry Detergent Premium 1.5l,Aia
CP0146,Combino Toilet Paper Premium,Combino
CP0147,Chef Select Kitchen Towels Premium,Chef Select
CP0148,Cien Multi Surface Cleaner Premium,Cien
CP0149, Bleach Premium 1.5l ,Milbona
CP0150,Shampoo Premium,W5
CP0151,Conditioner Premium 250ml,bellarom
CP0152, Hand Soap Premium 450ml ,Ferrero
CP0153,Body Wash Premium 500ml,COMBINO
CP0154,Combino Toothpaste Premium,Combino
CP0155,Mozzarella Bio 156.25g,De Cecco
CP0156,Mozzarella di Bufala Bio 156.25g,Chef Select
CP0157,Fior di latte mozzarella Bio - Chef Select,Chef Select
CP0158,Greek Yogurt Bio - Italiamo,Italiamo
CP0159, Strawberry Yogurt Bio - Cien ,Cien
CP0160,Plain Yogurt Bio - Bellarom ,Bellarom
CP0161,Whole Milk Bio - Milbona,Milbona
CP0162,Lavazza Semi-skimmed Milk Bio,Lavazza
CP0163,Aia Lactose Free Milk Bio,Aia
CP0164,Unsalted Butter Bio,W5
CP0165,Salted Butter Bio - Freshona,Freshona
CP0166,Chef Select Parmigiano Reggiano Bio , Chef Select 
CP0167,Gorgonzola Bio,Milbona
CP0168,W5 Ricotta Bio,W5
CP0169,Whole Wheat Bread Bio 750g,Bellarom
CP0170,Ciabatta Bio - Sondey,Sondey 
CP0171,Sandwich Bread Bio 550g, Galbani
CP0172,Freshona Butter Croissant Bio,Freshona
CP0173,Chocolate Croissant Bio - Chef Select,Chef Select
CP0174,Chocolate Chip Cookies Bio 375g,Freshona
CP0175,Digestive Biscuits Bio - Combino,Combino
CP0176,Cien Cherry Tomatoes Bio,Cien
CP0177,Round Tomatoes Bio,Bellarom
CP0178,Chef Select Iceberg Lettuce Bio,Chef Select
CP0179,rocket salad bio - w5, W5
CP0180,Golden Apples Bio,Sondey
CP0181,Pink Lady Apples Bio,W5
CP0182,Bananas Bio - Combino,Combino
CP0183,Potatoes Bio - Aia,Aia
CP0184,W5 Chicken Breast Bio,W5
CP0185,Chicken Thighs Bio 625g,Milbona
CP0186,Freshona Minced Beef Bio,Freshona
CP0187,Beef Steak Bio - Parmalat,Parmalat
CP0188,Prosciutto Cotto Bio,Aia
CP0189,Salame Milano Bio - W5,W5
CP0190,Milbona Spaghetti Bio,Milbona
CP0191,Penne Rigate Bio,W5
CP0192,Fusilli Bio,Bellarom
CP0193,Cien Carnaroli Rice Bio ,Cien
CP0194,Basmati Rice Bio,Chef Select
CP0195,Tomato Passata Bio,Combino
CP0196,Pesto Genovese Bio,Sondey
CP0197,Extra Virgin Olive Oil Bio - Bellarom,Bellarom
CP0198,Sunflower Oil Bio - Combino,COMBINO
CP0199,Aia All Purpose Flour Bio,Aia
CP0200,Freshona 00 Flour Bio,Freshona
CP0201,Milbona White Sugar Bio,Milbona
CP0202,brown sugar bio 1.25kg,W5
CP0203,Ground Coffee Bio,Italiamo
CP0204,Coffee Beans Bio,Cien 
CP0205,Corn Flakes Bio - W5,W5
CP0206,Milbona Muesli Bio,Milbona
CP0207,Combino Margherita Pizza Bio,Combino
CP0208,Vegetable Pizza Bio - Rio Mare,Rio Mare
CP0209,Frozen Peas Bio,Chef Select
CP0210,Frozen Spinach Bio 450g,Chef Select
CP0211,Bellarom Frozen Salmon Fillets Bio,Bellarom
CP0212,Fish Fingers Bio 300g,Bellarom
CP0213,Still Water Bio 1.88l,W5
CP0214,Sparkling Water Bio 1.5l,Galbani
CP0215,Orange Juice Bio,Sondey
CP0216,W5 Apple Juice Bio,W5
CP0217,Combino Cola Bio,Combino
CP0218,Lemon Soda Bio - Chef Select,Chef Select
CP0219,Green Tea Bio - Milbona,Milbona
CP0220,Black Tea Bio - Freshona,Freshona
CP0221,Dish Soap Bio - Combino,Combino
CP0222,W5 Laundry Detergent Bio,W5
CP0223,Toilet Paper Bio 12pcs,Milbona
CP0224,Kitchen Towels Bio 6pcs,W5
CP0225,Multi Surface Cleaner Bio - De Cecco,De Cecco
CP0226,Bleach Bio 2l,Sondey 
CP0227,Shampoo Bio,Mutti
CP0228,Conditioner Bio 250ml,Freshona
CP0229,Hand Soap Bio,Chef Select
CP0230,Body Wash Bio,Combino
CP0231, Toothpaste Bio 56.25ml ,W5
CP0232,Milbona Mozzarella Family Pack,Milbona
CP0233,Mozzarella di Bufala Family Pack - Milbona,Milbona
CP0234,Italiamo Fior di latte mozzarella Family Pack,Italiamo
CP0235,greek yogurt family pack 127.5g,Combino
CP0236,Strawberry Yogurt Family Pack - Freshona,Freshona
CP0237,Plain Yogurt Family Pack - Mutti,Mutti
CP0238,Whole Milk Family Pack 1l,Barilla
CP0239,Semi-skimmed Milk Family Pack - W5,W5
CP0240,Lactose Free Milk Family Pack 0.75l,Milbona
CP0241,Unsalted Butter Family Pack - Combino,Combino
CP0242,Salted Butter Family Pack - Chef Select,Chef Select
CP0243,PARMIGIANO REGGIANO FAMILY PACK 150G, Combino
CP0244,Chef Select Gorgonzola Family Pack,Chef Select
CP0245,Ricotta Family Pack,Cien
CP0246,Bellarom Whole Wheat Bread Family Pack,Bellarom 
CP0247,chef select ciabatta family pack,Chef Select
CP0248,Sandwich Bread Family Pack - W5,W5
CP0249,Milbona Butter Croissant Family Pack,Milbona
CP0250,CHOCOLATE CROISSANT FAMILY PACK - W5,W5
CP0251,Chocolate Chip Cookies Family Pack,Barilla
CP0252,Digestive Biscuits Family Pack - Cien,Cien
CP0253,Sondey Cherry Tomatoes Family Pack,Sondey
CP0254,Milbona Round Tomatoes Family Pack,Milbona
CP0255,Bellarom Iceberg Lettuce Family Pack,Bellarom
CP0256,Mulino Bianco Rocket Salad Family Pack,Mulino Bianco
CP0257,Golden Apples Family Pack,Bellarom
CP0258,Pink Lady Apples Family Pack,Sondey
CP0259,Bananas Family Pack - Milbona,Milbona
CP0260,Potatoes Family Pack 2kg,Cien
CP0261, Chicken Breast Family Pack - Bellarom ,Bellarom
CP0262,Cien Chicken Thighs Family Pack,Cien
CP0263,Bellarom Minced Beef Family Pack,Bellarom
CP0264,Beef Steak Family Pack,Cien 
CP0265,Ferrero Prosciutto Cotto Family Pack,Ferrero
CP0266,Salame Milano Family Pack 75g,Chef Select
CP0267,Spaghetti Family Pack - Combino,Combino
CP0268,Cien Penne Rigate Family Pack,Cien
CP0269,Fusilli Family Pack - Cien,Cien
CP0270,Carnaroli Rice Family Pack - W5,W5
CP0271,Milbona Basmati Rice Family Pack,Milbona
CP0272,Tomato Passata Family Pack - Bellarom,Bellarom
CP0273,Pesto Genovese Family Pack - Milbona,Milbona
CP0274,Extra Virgin Olive Oil Family Pack,sondey
CP0275,Sunflower Oil Family Pack 1.5l,Ferrero
CP0276,Combino All Purpose Flour Family Pack,Combino
CP0277,Mutti 00 Flour Family Pack,Mutti
CP0278,White Sugar Family Pack,Parmalat
CP0279,Brown Sugar Family Pack - Combino,Combino
CP0280,Galbani Ground Coffee Family Pack,Galbani
CP0281,Bellarom Coffee Beans Family Pack,Bellarom
CP0282,Corn Flakes Family Pack 281.25g ,Chef Select
CP0283,Combino Muesli Family Pack,Combino
CP0284,Margherita Pizza Family Pack 262.5g,Milbona
CP0285,Vegetable Pizza Family Pack - Italiamo,Italiamo
CP0286,Frozen Peas Family Pack - Cien,Cien
CP0287,Frozen Spinach Family Pack 450g,Milbona
CP0288,Chef Select Frozen Salmon Fillets Family Pack,Chef Select
CP0289,Bellarom Fish Fingers Family Pack,bellarom
CP0290,Still Water Family Pack 2.25l,De Cecco
CP0291,W5 Sparkling Water Family Pack,W5
CP0292,ORANGE JUICE FAMILY PACK,Freshona
CP0293,Apple Juice Family Pack,Milbona
CP0294,Cien Cola Family Pack,Cien
CP0295,Lemon Soda Family Pack,Bellarom
CP0296,Green Tea Family Pack 25pcs,Sondey
CP0297,Black Tea Family Pack 31.25pcs,Bellarom
CP0298,Dish Soap Family Pack,Italiamo
CP0299,Laundry Detergent Family Pack - Parmalat,Parmalat
CP0300,Toilet Paper Family Pack,Milbona
CP0301,W5 Kitchen Towels Family Pack,W5
CP0302,Multi Surface Cleaner Family Pack - Cien,Cien
CP0303,Bleach Family Pack,Freshona
CP0304,Shampoo Family Pack 312.5ml,Cien
CP0305,Chef Select Conditioner Family Pack,Chef Select
CP0306, Hand Soap Family Pack 225ml,Freshona
CP0307, Body Wash Family Pack - Sondey,Sondey
CP0308,Milbona Toothpaste Family Pack,Milbona
CP0309,Mozzarella Mini - Cien, Cien
CP0310,Mozzarella di Bufala Mini 125g,Combino
CP0311,Cien Fior di latte mozzarella Mini,Cien
CP0312,Greek Yogurt Mini,Chef Select
CP0313,Chef Select Strawberry Yogurt Mini,Chef Select
CP0314,Sondey Plain Yogurt Mini,Sondey
CP0315,Whole Milk Mini 1.5l,Bellarom
CP0316,Semi-skimmed Milk Mini 1.25l,Cien
CP0317,LACTOSE FREE MILK MINI,W5
CP0318,Unsalted Butter Mini - Sondey,Sondey
CP0319,Cien Salted Butter Mini,Cien
CP0320,Sondey Parmigiano Reggiano Mini,Sondey
CP0321,Gorgonzola Mini 187.5g,Chef Select
CP0322,ricotta mini 250g,Chef Select
CP0323,Whole Wheat Bread Mini,Combino
CP0324,Ciabatta Mini 375g,Combino
CP0325,Sandwich Bread Mini - W5,W5
CP0326,Butter Croissant Mini 4.5pcs,W5
CP0327,Chocolate Croissant Mini 4.5pcs,Ferrero
CP0328,Milbona Chocolate Chip Cookies Mini,Milbona
CP0329,Digestive Biscuits Mini,De Cecco
CP0330,Cherry Tomatoes Mini 375g,Bellarom
CP0331,Round Tomatoes Mini,Milbona
CP0332,Iceberg Lettuce Mini,Milbona
CP0333,Rocket Salad Mini,Chef Select
CP0334,Golden Apples Mini,Freshona
CP0335,Freshona Pink Lady Apples Mini,Freshona
CP0336,Bananas Mini,Freshona
CP0337,Potatoes Mini,Bellarom
CP0338,Chef Select Chicken Breast Mini,Chef Select
CP0339,Cien Chicken Thighs Mini ,Cien
CP0340,Bellarom Minced Beef Mini,Bellarom 
CP0341,Beef Steak Mini - Italiamo,Italiamo
CP0342,Lavazza Prosciutto Cotto Mini,Lavazza
CP0343,Salame Milano Mini - Freshona,Freshona
CP0344,Spaghetti Mini - Cien,Cien
CP0345,Penne Rigate Mini - Barilla,Barilla
CP0346,Fusilli Mini - W5,W5
CP0347,De Cecco Carnaroli Rice Mini,De Cecco
CP0348,Basmati Rice Mini,Milbona
CP0349,Tomato Passata Mini 700ml,Bellarom
CP0350,W5 Pesto Genovese Mini, W5
CP0351,Extra Virgin Olive Oil Mini,Chef Select
CP0352,Sunflower Oil Mini,W5
CP0353,All Purpose Flour Mini - Sondey,Sondey
CP0354,Combino 00 Flour Mini,Combino
CP0355,White Sugar Mini,Freshona
CP0356,Brown Sugar Mini - Ferrero,Ferrero
CP0357,Italiamo Ground Coffee Mini,Italiamo
CP0358,Coffee Beans Mini,Milbona
CP0359,Lavazza Corn Flakes Mini,Lavazza
CP0360,Mulino Bianco Muesli Mini,Mulino Bianco
CP0361, W5 Margherita Pizza Mini,W5
CP0362,Granarolo Vegetable Pizza Mini,Granarolo
CP0363, Frozen Peas Mini - Granarolo ,Granarolo
CP0364,Frozen Spinach Mini - Milbona,Milbona
CP0365,Frozen Salmon Fillets Mini 300g,Chef Select
CP0366,Fish Fingers Mini 450g,W5
CP0367,Parmalat Still Water Mini,Parmalat
CP0368,Sparkling Water Mini 1.5l,Sondey
CP0369,Orange Juice Mini,Sondey
CP0370,Apple Juice Mini - W5,W5
CP0371,Italiamo Cola Mini,Italiamo
CP0372,Lemon Soda Mini - Combino,Combino
CP0373,Green Tea Mini - Sondey,Sondey
CP0374,Black Tea Mini,Freshona
CP0375,Dish Soap Mini 1125ml,Granarolo
CP0376,Laundry Detergent Mini,Freshona
CP0377,Toilet Paper Mini,Cien
CP0378, Kitchen Towels Mini,Combino
CP0379,Multi Surface Cleaner Mini, Chef Select 
CP0380,Bleach Mini 3l,Mulino Bianco
CP0381,Shampoo Mini 187.5ml,Italiamo
CP0382, Conditioner Mini 312.5ml ,Aia
CP0383,Hand Soap Mini - Chef Select,Chef Select
CP0384,Italiamo Body Wash Mini,Italiamo
CP0385,Toothpaste Mini , Freshona
CP0386,Mozzarella Maxi - W5,W5
CP0387,Mozzarella di Bufala Maxi 125g,Sondey
CP0388,Fior di latte mozzarella Maxi - Combino,Combino
CP0389,Greek Yogurt Maxi,Italiamo
CP0390,Strawberry Yogurt Maxi 2pcs,Cien
CP0391,Plain Yogurt Maxi 500g,Bellarom
CP0392,WHOLE MILK MAXI 1.25L,Combino
CP0393,Semi-skimmed Milk Maxi - Bellarom,Bellarom
CP0394,Lactose Free Milk Maxi,Combino
CP0395,Unsalted Butter Maxi - Italiamo,Italiamo
CP0396,Salted Butter Maxi 250g,Sondey
CP0397,Parmigiano Reggiano Maxi - Freshona,Freshona
CP0398,Gorgonzola Maxi, W5
CP0399,Ricotta Maxi,chef select
CP0400,Whole Wheat Bread Maxi 750g,Freshona
CP0401,Ciabatta Maxi 450g,W5
CP0402,Sandwich Bread Maxi,Sondey
CP0403,Butter Croissant Maxi 4.5pcs,Bellarom
CP0404,Cien Chocolate Croissant Maxi,Cien
CP0405, Chocolate Chip Cookies Maxi - Granarolo,Granarolo
CP0406,Digestive Biscuits Maxi - Lavazza,Lavazza
CP0407,W5 Cherry Tomatoes Maxi,W5
CP0408,Round Tomatoes Maxi 1kg,Milbona
CP0409,Combino Iceberg Lettuce Maxi,Combino
CP0410,Rocket Salad Maxi,Aia
CP0411,Golden Apples Maxi 1kg,Lavazza
CP0412,Milbona Pink Lady Apples Maxi,Milbona
CP0413,Bananas Maxi 1kg,W5
CP0414,combino potatoes maxi,Combino
CP0415,Chicken Breast Maxi,Cien
CP0416,Chicken Thighs Maxi - Mulino Bianco,Mulino Bianco
CP0417,Minced Beef Maxi,W5
CP0418,Beef Steak Maxi 450g,Mutti
CP0419,Prosciutto Cotto Maxi - Milbona,Milbona
CP0420,Salame Milano Maxi - Cien,Cien
CP0421,Spaghetti Maxi,Cien
CP0422,Penne Rigate Maxi 500g,Cien
CP0423,Fusilli Maxi,Mutti
CP0424,Carnaroli Rice Maxi - Italiamo,Italiamo
CP0425,Basmati Rice Maxi,Bellarom
CP0426,Tomato Passata Maxi,Bellarom
CP0427,Cien Pesto Genovese Maxi,Cien
CP0428,Extra Virgin Olive Oil Maxi 1.5l,Aia
CP0429,Sunflower Oil Maxi 1l,Cien
CP0430,W5 ALL PURPOSE FLOUR MAXI,W5
CP0431,00 Flour Maxi - Milbona,Milbona
CP0432,White Sugar Maxi - Chef Select,chef select
CP0433,Ferrero Brown Sugar Maxi,Ferrero
CP0434,Ground Coffee Maxi 250g,Chef Select
CP0435,Coffee Beans Maxi - Italiamo,Italiamo
CP0436,Corn Flakes Maxi 375g,Freshona
CP0437,Muesli Maxi,W5
CP0438,Margherita Pizza Maxi - Chef Select,Chef Select
CP0439,BELLAROM VEGETABLE PIZZA MAXI,Bellarom
CP0440,frozen peas maxi,Chef Select
CP0441,ITALIAMO FROZEN SPINACH MAXI,Italiamo
CP0442,Frozen Salmon Fillets Maxi 500g,Sondey
CP0443,Fish Fingers Maxi,Freshona
CP0444,Still Water Maxi - Chef Select,Chef Select
CP0445,Sparkling Water Maxi - Bellarom,Bellarom
CP0446,W5 Orange Juice Maxi,W5
CP0447,Apple Juice Maxi - Combino, Combino 
CP0448,Cola Maxi - Parmalat, Parmalat
CP0449,Granarolo Lemon Soda Maxi,Granarolo
CP0450,Green Tea Maxi 25pcs,Milbona
CP0451,Black Tea Maxi - Galbani,GALBANI
CP0452,Dish Soap Maxi,De Cecco
CP0453,Combino Laundry Detergent Maxi,Combino
CP0454,Toilet Paper Maxi - Bellarom ,Bellarom
CP0455,Kitchen Towels Maxi 3pcs,Cien
CP0456,Multi Surface Cleaner Maxi 562.5ml,Cien
CP0457,bleach maxi,Bellarom
CP0458,Shampoo Maxi,Cien
CP0459,Conditioner Maxi - Freshona,Freshona
CP0460,Hand Soap Maxi - Mutti,mutti
CP0461,BODY WASH MAXI 750ML,Mulino Bianco
CP0462,Cien Toothpaste Maxi, Cien 
CP0463,Mozzarella Light - Sondey,Sondey
CP0464,Mozzarella di Bufala Light - Freshona,Freshona
CP0465,Fior di latte mozzarella Light,Cien
CP0466,Greek Yogurt Light - Chef Select,Chef Select
CP0467,Parmalat Strawberry Yogurt Light,Parmalat
CP0468,Combino Plain Yogurt Light,Combino 
CP0469,Rio Mare Whole Milk Light,Rio Mare
CP0470,Sondey Semi-skimmed Milk Light,Sondey
CP0471,Lactose Free Milk Light 1l,Italiamo
CP0472,Unsalted Butter Light,Sondey
CP0473,Chef Select Salted Butter Light,Chef Select
CP0474,Cien Parmigiano Reggiano Light,Cien
CP0475,Gorgonzola Light,Cien
CP0476,Ricotta Light 312.5g,W5
CP0477,Whole Wheat Bread Light 750g,Sondey
CP0478,Ciabatta Light 300g,Milbona
CP0479,Milbona Sandwich Bread Light,Milbona
CP0480,Butter Croissant Light - Combino,Combino
CP0481,Chocolate Croissant Light - Sondey,Sondey
CP0482,CHOCOLATE CHIP COOKIES LIGHT,Rio Mare 
CP0483,Digestive Biscuits Light - Milbona,Milbona
CP0484,Freshona Cherry Tomatoes Light,Freshona 
CP0485,Round Tomatoes Light 1kg,Bellarom
CP0486,Iceberg Lettuce Light - Milbona,Milbona
CP0487, Rocket Salad Light 125g,Sondey
CP0488,Milbona Golden Apples Light,Milbona
CP0489,Pink Lady Apples Light 1kg,Bellarom
CP0490,W5 Bananas Light,W5
CP0491,Sondey Potatoes Light,Sondey
CP0492,Chicken Breast Light - Rio Mare,Rio Mare
CP0493, Rio Mare Chicken Thighs Light ,Rio Mare
CP0494,Italiamo Minced Beef Light,Italiamo
CP0495,Chef Select Beef Steak Light,Chef Select
CP0496,Prosciutto Cotto Light, Chef Select
CP0497, Salame Milano Light,Chef Select
CP0498,Spaghetti Light - W5,W5
CP0499,Penne Rigate Light - Milbona,Milbona
CP0500,Fusilli Light - Aia,Aia
CP0501,Chef Select Carnaroli Rice Light,Chef Select
CP0502,Basmati Rice Light,Galbani
CP0503,Combino Tomato Passata Light,Combino
CP0504,Pesto Genovese Light - Barilla,Barilla
CP0505,Sondey Extra Virgin Olive Oil Light,Sondey
CP0506,Italiamo Sunflower Oil Light,Italiamo
CP0507, Milbona All Purpose Flour Light,Milbona
CP0508,00 Flour Light 1kg,De Cecco
CP0509,White Sugar Light,Combino
CP0510,Brown Sugar Light 1.25kg,Rio Mare
CP0511,Ground Coffee Light,Milbona
CP0512,Cien Coffee Beans Light,Cien
CP0513,CORN FLAKES LIGHT - SONDEY,Sondey
CP0514,Muesli Light,Sondey
CP0515,Margherita Pizza Light 350g,MILBONA
CP0516,Vegetable Pizza Light 380g,W5 
CP0517,Frozen Peas Light 675g,Cien
CP0518,Frozen Spinach Light 450g,Freshona
CP0519,Frozen Salmon Fillets Light - Cien,Cien
CP0520,Fish Fingers Light 225g,Cien
CP0521, Still Water Light - Sondey ,Sondey
CP0522,Sparkling Water Light,W5
CP0523,Orange Juice Light,ITALIAMO
CP0524,Apple Juice Light - Sondey,Sondey
CP0525,Cola Light 1.88l,Chef Select
CP0526,Lemon Soda Light - Combino,Combino
CP0527,Green Tea Light - Combino,Combino
CP0528,Black Tea Light,CHEF SELECT
CP0529,Dish Soap Light 937.5ml,Galbani
CP0530,Laundry Detergent Light - Combino,Combino
CP0531,W5 Toilet Paper Light,W5
CP0532,Kitchen Towels Light 4pcs,Chef Select
CP0533,Multi Surface Cleaner Light,Freshona
CP0534,Lavazza Bleach Light,Lavazza
CP0535,Shampoo Light,Sondey
CP0536,Conditioner Light - Galbani,Galbani
CP0537,Hand Soap Light - Freshona,Freshona
CP0538,Aia Body Wash Light,Aia
CP0539,Freshona Toothpaste Light,Freshona
CP0540,Mozzarella Fresh - Parmalat,Parmalat
CP0541,Mozzarella di Bufala Fresh 93.75g,Bellarom
CP0542,Fior di latte mozzarella Fresh,Italiamo
CP0543,greek yogurt fresh,Bellarom
CP0544,Strawberry Yogurt Fresh - De Cecco,De Cecco
CP0545,Italiamo Plain Yogurt Fresh,Italiamo
CP0546,Whole Milk Fresh 1l,Italiamo
CP0547,Cien Semi-skimmed Milk Fresh,Cien
CP0548, Lactose Free Milk Fresh 1l ,W5
CP0549,Unsalted Butter Fresh 312.5g,Bellarom
CP0550,Salted Butter Fresh - Chef Select,Chef Select
CP0551,Parmigiano Reggiano Fresh 250g,Ferrero
CP0552,Gorgonzola Fresh,Combino
CP0553,Bellarom Ricotta Fresh,Bellarom
CP0554,Freshona Whole Wheat Bread Fresh ,Freshona 
CP0555,Ciabatta Fresh 300g,de cecco
CP0556,Sandwich Bread Fresh,Barilla
CP0557,Butter Croissant Fresh,W5
CP0558,Chocolate Croissant Fresh 6pcs,Milbona
CP0559,Milbona Chocolate Chip Cookies Fresh,Milbona
CP0560,Combino Digestive Biscuits Fresh,Combino
CP0561,Bellarom Cherry Tomatoes Fresh ,Bellarom
CP0562,Milbona Round Tomatoes Fresh,Milbona
CP0563,Iceberg Lettuce Fresh,Aia
CP0564,Rocket Salad Fresh 93.75g,Combino
CP0565,Golden Apples Fresh - Chef Select,Chef Select
CP0566,Pink Lady Apples Fresh - Rio Mare,Rio Mare
CP0567,Bananas Fresh 1kg,Bellarom
CP0568,Potatoes Fresh 2.5kg,Sondey
CP0569,Chicken Breast Fresh,Italiamo
CP0570,Cien Chicken Thighs Fresh,Cien
CP0571,Minced Beef Fresh - Sondey,Sondey
CP0572, Milbona Beef Steak Fresh ,Milbona
CP0573,Prosciutto Cotto Fresh,Sondey
CP0574,Italiamo Salame Milano Fresh,Italiamo
CP0575,Granarolo Spaghetti Fresh,Granarolo
CP0576,Penne Rigate Fresh - Cien,Cien
CP0577,Chef Select Fusilli Fresh,Chef Select
CP0578,Bellarom Carnaroli Rice Fresh,Bellarom
CP0579,BASMATI RICE FRESH - ITALIAMO,Italiamo
CP0580,Tomato Passata Fresh 700ml,Milbona
CP0581,Pesto Genovese Fresh 285g,Chef Select
CP0582,Extra Virgin Olive Oil Fresh,Sondey
CP0583,Bellarom Sunflower Oil Fresh,Bellarom
CP0584,W5 All Purpose Flour Fresh,W5
CP0585,00 Flour Fresh,Italiamo
CP0586, White Sugar Fresh 1kg,De Cecco
CP0587, Brown Sugar Fresh,Chef Select
CP0588,Ground Coffee Fresh - Sondey,Sondey
CP0589,Coffee Beans Fresh 500g ,Milbona
CP0590,Lavazza Corn Flakes Fresh,Lavazza
CP0591,Muesli Fresh 562.5g,Cien
CP0592,Margherita Pizza Fresh,Bellarom
CP0593,Vegetable Pizza Fresh - Milbona,Milbona
CP0594,Italiamo Frozen Peas Fresh,Italiamo
CP0595,Frozen Spinach Fresh 337.5g,Combino
CP0596,Frozen Salmon Fillets Fresh - Italiamo,Italiamo
CP0597,Fish Fingers Fresh,Combino
CP0598,Still Water Fresh,combino
CP0599,Sparkling Water Fresh,Italiamo
CP0600,Orange Juice Fresh 1.25l,Combino
CP0601,Apple Juice Fresh - Freshona,Freshona
CP0602,Cola Fresh - Sondey, Sondey
CP0603,W5 Lemon Soda Fresh,W5
CP0604,Green Tea Fresh - Milbona,milbona
CP0605,Black Tea Fresh - Italiamo,Italiamo
CP0606,Dish Soap Fresh - Ferrero,Ferrero
CP0607,Laundry Detergent Fresh 1.88l,Combino
CP0608,Toilet Paper Fresh,Cien
CP0609, Kitchen Towels Fresh 4pcs,Sondey
CP0610,Multi Surface Cleaner Fresh,Mutti
CP0611,Bleach Fresh - Cien,Cien
CP0612,Shampoo Fresh - Bellarom,Bellarom
CP0613,Conditioner Fresh 375ml,Combino
CP0614,Hand Soap Fresh 300ml,Italiamo
CP0615,Body Wash Fresh - Rio Mare,Rio Mare
CP0616,Toothpaste Fresh, Italiamo 
CP0617,W5 Mozzarella Tradizionale,W5
CP0618,Mozzarella di Bufala Tradizionale - Lavazza,Lavazza
CP0619,Fior di latte mozzarella Tradizionale - Milbona,Milbona
CP0620,Combino Greek Yogurt Tradizionale,Combino
CP0621, Strawberry Yogurt Tradizionale 3pcs ,Chef Select
CP0622,Plain Yogurt Tradizionale - Bellarom,Bellarom
CP0623,Parmalat Whole Milk Tradizionale,Parmalat
CP0624, Semi-skimmed Milk Tradizionale,Parmalat
CP0625,Sondey Lactose Free Milk Tradizionale,Sondey
CP0626,Freshona Unsalted Butter Tradizionale,Freshona
CP0627,Salted Butter Tradizionale 375g,W5
CP0628,Parmigiano Reggiano Tradizionale 250g,De Cecco
CP0629,Gorgonzola Tradizionale - Milbona,Milbona
CP0630,Ricotta Tradizionale,W5
CP0631,Whole Wheat Bread Tradizionale - De Cecco,De Cecco
CP0632,Ciabatta Tradizionale 300g,Milbona
CP0633,Sandwich Bread Tradizionale - Combino, Combino
CP0634,Butter Croissant Tradizionale,Chef Select
CP0635,Chocolate Croissant Tradizionale,Milbona
CP0636,Chocolate Chip Cookies Tradizionale - Chef Select,Chef Select
CP0637,Digestive Biscuits Tradizionale,Mulino Bianco
CP0638,Cherry Tomatoes Tradizionale - Cien,Cien
CP0639, Round Tomatoes Tradizionale 1.25kg,Bellarom
CP0640,Iceberg Lettuce Tradizionale,Sondey
CP0641,Rio Mare Rocket Salad Tradizionale,Rio Mare
CP0642,Golden Apples Tradizionale 1kg,Combino
CP0643,Pink Lady Apples Tradizionale 1kg,Italiamo
CP0644,Bananas Tradizionale,Italiamo
CP0645,Potatoes Tradizionale 2kg,Cien
CP0646,Chicken Breast Tradizionale - Milbona,Milbona
CP0647,Chicken Thighs Tradizionale,W5
CP0648,Minced Beef Tradizionale 400g,Milbona
CP0649,Chef Select Beef Steak Tradizionale,Chef Select
CP0650,Cien Prosciutto Cotto Tradizionale, Cien 
CP0651, Salame Milano Tradizionale 125g , Bellarom 
CP0652,Milbona Spaghetti Tradizionale,milbona
CP0653,Penne Rigate Tradizionale - Galbani,Galbani
CP0654,Fusilli Tradizionale,Freshona 
CP0655,Freshona Carnaroli Rice Tradizionale,Freshona
CP0656,W5 Basmati Rice Tradizionale,W5
CP0657,Tomato Passata Tradizionale - Freshona,Freshona
CP0658,Pesto Genovese Tradizionale 285g,W5
CP0659,Extra Virgin Olive Oil Tradizionale - Italiamo,Italiamo
CP0660,Sunflower Oil Tradizionale 1.25l,Italiamo
CP0661,All Purpose Flour Tradizionale,Italiamo
CP0662,00 Flour Tradizionale - Parmalat,Parmalat
CP0663,White Sugar Tradizionale - Milbona,Milbona
CP0664,Italiamo Brown Sugar Tradizionale,Italiamo
CP0665,Ground Coffee Tradizionale 375g,Sondey
CP0666,Coffee Beans Tradizionale - Freshona,Freshona
CP0667,Corn Flakes Tradizionale - Italiamo,italiamo
CP0668,MUESLI TRADIZIONALE - W5,W5
CP0669,Margherita Pizza Tradizionale 437.5g,Milbona
CP0670,Vegetable Pizza Tradizionale 285g,Cien
CP0671,Frozen Peas Tradizionale - Lavazza,Lavazza
CP0672,Frozen Spinach Tradizionale - Bellarom ,Bellarom
CP0673,Frozen Salmon Fillets Tradizionale 500g,Mulino Bianco
CP0674,Fish Fingers Tradizionale 375g, Italiamo
CP0675,Still Water Tradizionale,W5
CP0676,Sparkling Water Tradizionale,Chef Select
CP0677,Bellarom Orange Juice Tradizionale,Bellarom
CP0678, Apple Juice Tradizionale 1l ,Mulino Bianco
CP0679,Sondey Cola Tradizionale ,Sondey
CP0680,Lemon Soda Tradizionale 1.5l,Sondey
CP0681,Green Tea Tradizionale - Bellarom,Bellarom
CP0682,Black Tea Tradizionale 31.25pcs,W5
CP0683,Dish Soap Tradizionale,W5
CP0684,Mutti Laundry Detergent Tradizionale,Mutti
CP0685,Milbona Toilet Paper Tradizionale,Milbona
CP0686,Milbona Kitchen Towels Tradizionale,Milbona
CP0687,Multi Surface Cleaner Tradizionale 937.5ml,Milbona
CP0688,Freshona Bleach Tradizionale,Freshona
CP0689,Shampoo Tradizionale,Chef Select
CP0690,Conditioner Tradizionale,Combino
CP0691,Hand Soap Tradizionale 450ml,Chef Select
CP0692,Body Wash Tradizionale - Parmalat,Parmalat
CP0693,Toothpaste Tradizionale - Combino,Combino
CP0694,Mozzarella Deluxe - Chef Select, Chef Select 
CP0695,Combino Mozzarella di Bufala Deluxe,Combino
CP0696,Galbani Fior di latte mozzarella Deluxe,Galbani
CP0697,greek yogurt deluxe - combino,Combino
CP0698,Strawberry Yogurt Deluxe - De Cecco, De Cecco 
CP0699,Combino Plain Yogurt Deluxe,Combino
CP0700,Whole Milk Deluxe - Chef Select,Chef Select
CP0701,Semi-skimmed Milk Deluxe,Bellarom
CP0702,Lactose Free Milk Deluxe,W5
CP0703,Unsalted Butter Deluxe,Italiamo
CP0704,Salted Butter Deluxe - Chef Select,Chef Select
CP0705,W5 Parmigiano Reggiano Deluxe,W5
CP0706,gorgonzola deluxe 150g,Freshona
CP0707,RICOTTA DELUXE,Bellarom
CP0708,Whole Wheat Bread Deluxe 625g,Chef Select
CP0709,Cien Ciabatta Deluxe,Cien
CP0710,Sandwich Bread Deluxe - Italiamo ,Italiamo
CP0711,Butter Croissant Deluxe 7.5pcs,Combino
CP0712,Chocolate Croissant Deluxe 6pcs,Milbona
CP0713,Chocolate Chip Cookies Deluxe - Cien,Cien
CP0714,Digestive Biscuits Deluxe 400g ,Combino
CP0715,CHERRY TOMATOES DELUXE - CHEF SELECT,Chef Select
CP0716,Freshona Round Tomatoes Deluxe,Freshona
CP0717,Iceberg Lettuce Deluxe 0.75pcs,Milbona
CP0718,Rocket Salad Deluxe - Milbona,Milbona
CP0719,Aia Golden Apples Deluxe,Aia
CP0720,Pink Lady Apples Deluxe 1kg, Combino 
CP0721,Bananas Deluxe 1kg,Ferrero
CP0722,De Cecco Potatoes Deluxe ,De Cecco
CP0723,Chicken Breast Deluxe - Cien, Cien
CP0724, Chicken Thighs Deluxe,Sondey
CP0725, Minced Beef Deluxe - Chef Select ,Chef Select
CP0726,Beef Steak Deluxe - Parmalat,Parmalat
CP0727,Prosciutto Cotto Deluxe - Italiamo,Italiamo
CP0728,Salame Milano Deluxe,Milbona
CP0729,W5 Spaghetti Deluxe,W5
CP0730,Penne Rigate Deluxe 500g,Milbona
CP0731,Fusilli Deluxe 500g,Chef Select
CP0732, Carnaroli Rice Deluxe 1.25kg ,Sondey
CP0733,Basmati Rice Deluxe 0.75kg,W5
CP0734,Tomato Passata Deluxe 1050ml,Bellarom
CP0735,PESTO GENOVESE DELUXE - COMBINO,Combino
CP0736,ITALIAMO EXTRA VIRGIN OLIVE OIL DELUXE,Italiamo
CP0737,Sunflower Oil Deluxe 1l,Cien
CP0738,All Purpose Flour Deluxe 1kg,Bellarom
CP0739,00 Flour Deluxe,W5
CP0740,freshona white sugar deluxe,Freshona
CP0741,Brown Sugar Deluxe - Cien,Cien
CP0742,Ground Coffee Deluxe 187.5g,Chef Select
CP0743,Milbona Coffee Beans Deluxe,Milbona
CP0744,Combino Corn Flakes Deluxe,Combino
CP0745,Muesli Deluxe,Combino
CP0746,Margherita Pizza Deluxe - Ferrero,Ferrero
CP0747,Vegetable Pizza Deluxe 285g,Cien
CP0748,Frozen Peas Deluxe 450g,Combino
CP0749,Frozen Spinach Deluxe - Combino,Combino
CP0750,Frozen Salmon Fillets Deluxe,Cien
CP0751,Fish Fingers Deluxe,Italiamo
CP0752,Still Water Deluxe 1.5l,Bellarom
CP0753,sparkling water deluxe,W5
CP0754,Orange Juice Deluxe,W5
CP0755,Apple Juice Deluxe 1l,Freshona
CP0756,Cola Deluxe - Chef Select,Chef Select
CP0757,Lemon Soda Deluxe,Cien
CP0758,Green Tea Deluxe 30pcs,Mulino Bianco
CP0759,MILBONA BLACK TEA DELUXE,Milbona
CP0760,Dish Soap Deluxe,italiamo
CP0761,Laundry Detergent Deluxe - Combino,Combino
CP0762, Toilet Paper Deluxe ,Bellarom
CP0763,Kitchen Towels Deluxe - Italiamo,Italiamo
CP0764,W5 Multi Surface Cleaner Deluxe,W5
CP0765,Bleach Deluxe,Combino
CP0766,Combino Shampoo Deluxe,Combino
CP0767,Conditioner Deluxe 375ml,Combino
CP0768,Hand Soap Deluxe - Freshona, Freshona 
CP0769,Body Wash Deluxe,Italiamo
CP0770,Italiamo Toothpaste Deluxe,Italiamo
CP0771,Mozzarella Classic,Italiamo
CP0772,Italiamo Mozzarella di Bufala Classic,Italiamo
CP0773,Fior di latte mozzarella Classic 250g,Milbona
CP0774,Greek Yogurt Classic 170g,De Cecco
CP0775,Bellarom Strawberry Yogurt Classic,Bellarom
CP0776,W5 Plain Yogurt Classic,W5
CP0777,WHOLE MILK CLASSIC - CIEN,Cien
CP0778,Semi-skimmed Milk Classic - Freshona,Freshona
CP0779,Lactose Free Milk Classic 1.5l,Italiamo
CP0780,Unsalted Butter Classic ,Lavazza
CP0781,Salted Butter Classic 375g,Barilla
CP0782,De Cecco Parmigiano Reggiano Classic,De Cecco
CP0783,Gorgonzola Classic 187.5g,Cien
CP0784,Italiamo Ricotta Classic,Italiamo
CP0785,Whole Wheat Bread Classic 625g,Chef Select
CP0786,Combino Ciabatta Classic,Combino
CP0787, Sandwich Bread Classic - Italiamo, Italiamo
CP0788,Barilla Butter Croissant Classic,Barilla
CP0789,Milbona Chocolate Croissant Classic,Milbona
CP0790,Chocolate Chip Cookies Classic - Combino, Combino
CP0791,Sondey Digestive Biscuits Classic,Sondey
CP0792,Cherry Tomatoes Classic,Granarolo
CP0793,Round Tomatoes Classic,Sondey
CP0794,Iceberg Lettuce Classic 1.25pcs,Lavazza
CP0795,Rocket Salad Classic 187.5g,Freshona
CP0796,Golden Apples Classic 1.5kg,Italiamo
CP0797,Pink Lady Apples Classic - Combino,Combino
CP0798,Bananas Classic 1kg,Parmalat
CP0799,Potatoes Classic - Sondey,Sondey
CP0800,Combino Chicken Breast Classic,Combino
CP0801,Granarolo Chicken Thighs Classic,Granarolo
CP0802,Minced Beef Classic 400g,Chef Select
CP0803,Beef Steak Classic 375g,Milbona
CP0804,Prosciutto Cotto Classic 120g,Galbani
CP0805,W5 Salame Milano Classic,W5
CP0806,Spaghetti Classic - Combino,Combino
CP0807,Penne Rigate Classic,Cien
CP0808,Fusilli Classic 500g,Italiamo
CP0809,Carnaroli Rice Classic 1.5kg,Sondey
CP0810,Basmati Rice Classic,Barilla
CP0811,Tomato Passata Classic 1050ml,Milbona
CP0812,Sondey Pesto Genovese Classic,Sondey
CP0813,Bellarom Extra Virgin Olive Oil Classic,Bellarom
CP0814,Sunflower Oil Classic 1l,Combino
CP0815,All Purpose Flour Classic,Lavazza
CP0816,00 Flour Classic - Chef Select,Chef Select
CP0817,White Sugar Classic - Italiamo,Italiamo
CP0818,Brown Sugar Classic,W5
CP0819,Ground Coffee Classic 375g,Sondey
CP0820,COFFEE BEANS CLASSIC 500G,Chef Select
CP0821,Chef Select Corn Flakes Classic,Chef Select
CP0822,Muesli Classic,Chef Select
CP0823,Margherita Pizza Classic 437.5g,Bellarom
CP0824,Freshona Vegetable Pizza Classic,Freshona
CP0825,Italiamo Frozen Peas Classic,Italiamo
CP0826,Frozen Spinach Classic 450g,Italiamo
CP0827,Frozen Salmon Fillets Classic - Italiamo,Italiamo
CP0828,Fish Fingers Classic - Chef Select,Chef Select
CP0829,Still Water Classic - Bellarom,Bellarom
CP0830,Sparkling Water Classic 1.5l,Combino
CP0831,Orange Juice Classic,Bellarom
CP0832,Apple Juice Classic 1l,CHEF SELECT
CP0833,Cola Classic - Cien,Cien
CP0834,Sondey Lemon Soda Classic,Sondey
CP0835,Green Tea Classic,Mulino Bianco
CP0836,BLACK TEA CLASSIC 25PCS,Sondey
CP0837,Dish Soap Classic,Freshona
CP0838,Laundry Detergent Classic - Cien,Cien
CP0839,Toilet Paper Classic 8pcs,Bellarom
CP0840,Kitchen Towels Classic 4pcs,Chef Select
CP0841,Multi Surface Cleaner Classic,Chef Select
CP0842,bleach classic - italiamo,italiamo
CP0843,shampoo classic - sondey,Sondey
CP0844,Galbani Conditioner Classic,Galbani
CP0845,Bellarom Hand Soap Classic,Bellarom
CP0846, Body Wash Classic 375ml ,Milbona
CP0847,Chef Select Toothpaste Classic,Chef Select
CP0848,Mozzarella Premium 125g,Freshona
CP0849,Mozzarella di Bufala Premium,Galbani
CP0850,Fior di latte mozzarella Premium - Cien,Cien
CP0851,W5 Greek Yogurt Premium,W5
CP0852,Strawberry Yogurt Premium - Chef Select,Chef Select
CP0853,Plain Yogurt Premium 500g,Rio Mare
CP0854,Whole Milk Premium 1.25l,Freshona
CP0855,Semi-skimmed Milk Premium - Italiamo,ITALIAMO
CP0856,Lactose Free Milk Premium 1.5l,W5
CP0857,Unsalted Butter Premium 375g ,Chef Select
CP0858,Salted Butter Premium 375g,Chef Select
CP0859,Parmigiano Reggiano Premium,Granarolo
CP0860,Gorgonzola Premium,Sondey
CP0861,Milbona Ricotta Premium,Milbona
CP0862,whole wheat bread premium - lavazza,Lavazza
CP0863,Ciabatta Premium,Milbona
CP0864,Sandwich Bread Premium,Sondey
CP0865,Bellarom Butter Croissant Premium,Bellarom
CP0866,Chocolate Croissant Premium 6pcs,Italiamo
CP0867,Chocolate Chip Cookies Premium - Combino,Combino
CP0868,Digestive Biscuits Premium - Cien,Cien
CP0869,Cherry Tomatoes Premium,Mulino Bianco
CP0870,Round Tomatoes Premium,Milbona
CP0871, Iceberg Lettuce Premium 0.75pcs ,Sondey
CP0872,Rocket Salad Premium,Chef Select
CP0873,Golden Apples Premium,Cien
CP0874,pink lady apples premium - combino,Combino
CP0875, Bananas Premium ,Italiamo
CP0876,POTATOES PREMIUM 2.5KG,Cien
CP0877,Bellarom Chicken Breast Premium,Bellarom
CP0878,Chicken Thighs Premium 375g,MUTTI
CP0879,Minced Beef Premium 600g,W5
CP0880,Mulino Bianco Beef Steak Premium,Mulino Bianco
CP0881,Prosciutto Cotto Premium,Combino
CP0882,Salame Milano Premium 125g,W5
CP0883,Spaghetti Premium 625g,Chef Select
CP0884,Penne Rigate Premium - Italiamo,Italiamo
CP0885,Fusilli Premium 500g ,Cien
CP0886,Carnaroli Rice Premium,Freshona
CP0887,Basmati Rice Premium - Chef Select,Chef Select
CP0888,Tomato Passata Premium - Combino,Combino
CP0889, Galbani Pesto Genovese Premium,Galbani
CP0890,Mulino Bianco Extra Virgin Olive Oil Premium,Mulino Bianco
CP0891,Lavazza Sunflower Oil Premium,Lavazza
CP0892,All Purpose Flour Premium 1.25kg,Combino
CP0893,00 Flour Premium - Italiamo,Italiamo
CP0894,White Sugar Premium 1.5kg,Granarolo
CP0895,Brown Sugar Premium 0.75kg,Chef Select
CP0896,Ground Coffee Premium - Sondey,Sondey
CP0897,Combino Coffee Beans Premium,Combino
CP0898,Chef Select Corn Flakes Premium,Chef Select
CP0899,Muesli Premium,Aia
CP0900,Margherita Pizza Premium,W5
CP0901,Chef Select Vegetable Pizza Premium,Chef Select
CP0902,Frozen Peas Premium 337.5g,De Cecco
CP0903,Frozen Spinach Premium,Parmalat
CP0904,Italiamo Frozen Salmon Fillets Premium,Italiamo
CP0905,milbona fish fingers premium,Milbona
CP0906,W5 Still Water Premium,W5
CP0907,Sparkling Water Premium,Italiamo
CP0908,Orange Juice Premium,Bellarom
CP0909,Apple Juice Premium 1.5l,De Cecco
CP0910,Cola Premium,Italiamo
CP0911,Cien Lemon Soda Premium,Cien
CP0912,Ferrero Green Tea Premium,Ferrero
CP0913, Black Tea Premium 25pcs,Sondey
CP0914,Dish Soap Premium,W5
CP0915,Laundry Detergent Premium,Chef Select
CP0916,Toilet Paper Premium 8pcs,Chef Select
CP0917,Kitchen Towels Premium - Sondey,Sondey
CP0918,Multi Surface Cleaner Premium,SONDEY
CP0919,Bleach Premium 1.5l,Ferrero
CP0920,Shampoo Premium,Cien
CP0921, Conditioner Premium 187.5ml,Milbona
CP0922,Hand Soap Premium - Bellarom,Bellarom
CP0923,BODY WASH PREMIUM - DE CECCO,De Cecco
CP0924,Toothpaste Premium,Cien
CP0925,Mozzarella Bio,Milbona
CP0926,Mozzarella di Bufala Bio,Combino
CP0927,Fior di latte mozzarella Bio 200g,Chef Select
CP0928,W5 Greek Yogurt Bio,W5
CP0929,Strawberry Yogurt Bio 3pcs,Granarolo
CP0930,Plain Yogurt Bio,Italiamo
CP0931,Bellarom Whole Milk Bio,Bellarom
CP0932,Semi-skimmed Milk Bio - Chef Select,Chef Select
CP0933,Chef Select Lactose Free Milk Bio,Chef Select
CP0934,Unsalted Butter Bio - Milbona,Milbona
CP0935,Salted Butter Bio 375g,Freshona
CP0936,Parmigiano Reggiano Bio, Ferrero 
CP0937,Gorgonzola Bio,W5
CP0938,Ricotta Bio,Italiamo
CP0939,Whole Wheat Bread Bio,milbona
CP0940,Ciabatta Bio,Bellarom
CP0941,Sandwich Bread Bio - Parmalat,Parmalat
CP0942,Butter Croissant Bio 7.5pcs,Combino
CP0943,Chocolate Croissant Bio 4.5pcs,Cien
CP0944,Chocolate Chip Cookies Bio 300g,Milbona
CP0945,Digestive Biscuits Bio - Chef Select,Chef Select
CP0946,Cherry Tomatoes Bio 750g,Cien
CP0947,Round Tomatoes Bio,Chef Select
CP0948,Combino Iceberg Lettuce Bio,Combino 
CP0949,Rocket Salad Bio 93.75g,Freshona
CP0950,Golden Apples Bio,Mutti
CP0951,pink lady apples bio 1kg,Milbona
CP0952,Cien Bananas Bio,Cien
CP0953,Potatoes Bio,Cien
CP0954,Chicken Breast Bio - Chef Select,Chef Select
CP0955,Combino Chicken Thighs Bio,combino
CP0956,Sondey Minced Beef Bio,Sondey
CP0957,Chef Select Beef Steak Bio,Chef Select
CP0958,Prosciutto Cotto Bio - W5,W5
CP0959,SALAME MILANO BIO 150G,Milbona
CP0960,Spaghetti Bio 750g,Cien
CP0961,Penne Rigate Bio 500g,Freshona
CP0962,Fusilli Bio - De Cecco,De Cecco
CP0963,Carnaroli Rice Bio 0.75kg,Freshona
CP0964,Basmati Rice Bio,Freshona 
CP0965,Tomato Passata Bio,Bellarom
CP0966,Pesto Genovese Bio,CHEF SELECT
CP0967,Lavazza Extra Virgin Olive Oil Bio,Lavazza
CP0968,Cien Sunflower Oil Bio,Cien
CP0969,Cien All Purpose Flour Bio,Cien
CP0970,00 Flour Bio - Freshona,Freshona
CP0971,Bellarom White Sugar Bio,Bellarom
CP0972,Brown Sugar Bio 0.75kg,Rio Mare
CP0973,Ground Coffee Bio,Italiamo
CP0974,Coffee Beans Bio - Chef Select,CHEF SELECT
CP0975,Corn Flakes Bio 468.75g,Italiamo
CP0976,Cien Muesli Bio,Cien
CP0977,Margherita Pizza Bio - Combino,Combino
CP0978,vegetable pizza bio - sondey,Sondey
CP0979,Bellarom Frozen Peas Bio,Bellarom
CP0980, Granarolo Frozen Spinach Bio ,Granarolo
CP0981,Frozen Salmon Fillets Bio,Sondey 
CP0982,Fish Fingers Bio,W5
CP0983,Still Water Bio 2.25l,W5
CP0984,Sparkling Water Bio ,Italiamo
CP0985,Orange Juice Bio 1l,W5
CP0986,Apple Juice Bio - Bellarom,Bellarom
CP0987,Cola Bio,Parmalat
CP0988,Lemon Soda Bio,Milbona
CP0989,Green Tea Bio,Parmalat
CP0990,Black Tea Bio - Parmalat,Parmalat
CP0991,Dish Soap Bio,Sondey
CP0992,Laundry Detergent Bio,Freshona
CP0993,Toilet Paper Bio,Cien
CP0994,Freshona Kitchen Towels Bio,Freshona
CP0995,Multi Surface Cleaner Bio,Freshona
CP0996,Bleach Bio 2.5l,Italiamo
CP0997,Shampoo Bio 187.5ml,chef select
CP0998,Conditioner Bio,Freshona
CP0999,Bellarom Hand Soap Bio,Bellarom
CP1000,Milbona Body Wash Bio,Milbona
